{
  "type": "FeatureCollection",
  "features": [
    {
      "type": "Feature",
      "geometry": {
        "type": "Point",
        "coordinates": [
          36.424,
          233.369
        ]
      },
      "properties": {
        "work_id": "game:adaptive-query-bench",
        "title": "Adaptive Query Bench",
        "owner": "Game",
        "room": "playable",
        "status": "frozen-digital",
        "series": null,
        "modalities": "html,image,text",
        "carrier_count": 22,
        "evidence_level": "A",
        "source_revision": "ac7727e69c9af4aa431d3ba61b942e21fe13a5ac",
        "featured": true,
        "relation_degree": 0
      }
    },
    {
      "type": "Feature",
      "geometry": {
        "type": "Point",
        "coordinates": [
          51.326,
          221.553
        ]
      },
      "properties": {
        "work_id": "game:backpressure-live-bench",
        "title": "Backpressure Live Bench",
        "owner": "Game",
        "room": "playable",
        "status": "consumed-live",
        "series": null,
        "modalities": "html,image,text",
        "carrier_count": 20,
        "evidence_level": "A",
        "source_revision": "160f298f96573417a6cf7532fddda18c307e31c3",
        "featured": false,
        "relation_degree": 0
      }
    },
    {
      "type": "Feature",
      "geometry": {
        "type": "Point",
        "coordinates": [
          57.839,
          220.681
        ]
      },
      "properties": {
        "work_id": "game:batch-zero",
        "title": "Batch Zero: Planning Under Ghost Demand",
        "owner": "Game",
        "room": "playable",
        "status": "historical-jam-prototype",
        "series": "alpha20-grid-planning",
        "modalities": "html,text",
        "carrier_count": 4,
        "evidence_level": "A",
        "source_revision": "5ab55f6917fd4321bea6892685d221408d8b33ac",
        "featured": false,
        "relation_degree": 0
      }
    },
    {
      "type": "Feature",
      "geometry": {
        "type": "Point",
        "coordinates": [
          59.508,
          303.236
        ]
      },
      "properties": {
        "work_id": "game:casefile",
        "title": "Casefile",
        "owner": "Game",
        "room": "playable",
        "status": "historical-treatment",
        "series": "game-core-treatment",
        "modalities": "html",
        "carrier_count": 3,
        "evidence_level": "A",
        "source_revision": "4fee603fd9cdf49e2b1447bacfe374e1778620ea",
        "featured": false,
        "relation_degree": 0
      }
    },
    {
      "type": "Feature",
      "geometry": {
        "type": "Point",
        "coordinates": [
          85.09,
          233.408
        ]
      },
      "properties": {
        "work_id": "game:constrained-creation-canvas",
        "title": "Constrained Creation Canvas",
        "owner": "Game",
        "room": "playable",
        "status": "historical-proof-prototype",
        "series": "pre-g0-player-value-proofs",
        "modalities": "html",
        "carrier_count": 3,
        "evidence_level": "A",
        "source_revision": "2ef9c011ea9a49ed341fef5611818aff042fe7c4",
        "featured": false,
        "relation_degree": 0
      }
    },
    {
      "type": "Feature",
      "geometry": {
        "type": "Point",
        "coordinates": [
          83.213,
          242.04
        ]
      },
      "properties": {
        "work_id": "game:braess-toll-bench",
        "title": "Daily Braess Toll Bench 20260830",
        "owner": "Game",
        "room": "playable",
        "status": "historical-recovered",
        "series": null,
        "modalities": "html,image,text",
        "carrier_count": 19,
        "evidence_level": "A",
        "source_revision": "bcb522a6b0240a5f50d151ca77ee20533291e533",
        "featured": false,
        "relation_degree": 1
      }
    },
    {
      "type": "Feature",
      "geometry": {
        "type": "Point",
        "coordinates": [
          85.2,
          309.84
        ]
      },
      "properties": {
        "work_id": "game:latch-hall-commitment-bench",
        "title": "Daily Latch Hall Commitment Bench 20260830",
        "owner": "Game",
        "room": "playable",
        "status": "historical-recovered",
        "series": null,
        "modalities": "html,image,text",
        "carrier_count": 21,
        "evidence_level": "A",
        "source_revision": "d8224caed70260e60a447307083a9dc13915d0aa",
        "featured": false,
        "relation_degree": 1
      }
    },
    {
      "type": "Feature",
      "geometry": {
        "type": "Point",
        "coordinates": [
          113.435,
          255.819
        ]
      },
      "properties": {
        "work_id": "game:memory-weave-repair-bench",
        "title": "Daily Memory Weave Repair 20260830",
        "owner": "Game",
        "room": "playable",
        "status": "historical-recovered",
        "series": null,
        "modalities": "html,image,text",
        "carrier_count": 38,
        "evidence_level": "A",
        "source_revision": "5a68d706342485ff58a742ff979b0ebd37d85729",
        "featured": false,
        "relation_degree": 1
      }
    },
    {
      "type": "Feature",
      "geometry": {
        "type": "Point",
        "coordinates": [
          88.26,
          234.899
        ]
      },
      "properties": {
        "work_id": "game:dice-ring",
        "title": "Dice Ring",
        "owner": "Game",
        "room": "playable",
        "status": "historical-playable",
        "series": "daily-creative",
        "modalities": "godot,image,text",
        "carrier_count": 13,
        "evidence_level": "A",
        "source_revision": "acb5a2740f67e5c807f24f599d3798a1979bd833",
        "featured": false,
        "relation_degree": 1
      }
    },
    {
      "type": "Feature",
      "geometry": {
        "type": "Point",
        "coordinates": [
          49.591,
          309.095
        ]
      },
      "properties": {
        "work_id": "game:echo-hunt",
        "title": "Echo Hunt",
        "owner": "Game",
        "room": "playable",
        "status": "historical-treatment",
        "series": "game-core-treatment",
        "modalities": "html",
        "carrier_count": 3,
        "evidence_level": "A",
        "source_revision": "fc31c1e1e4536fc7a672970c7e5afd6bc4d8627f",
        "featured": false,
        "relation_degree": 0
      }
    },
    {
      "type": "Feature",
      "geometry": {
        "type": "Point",
        "coordinates": [
          -1.687,
          215.159
        ]
      },
      "properties": {
        "work_id": "game:grid-queue",
        "title": "Grid Queue",
        "owner": "Game",
        "room": "playable",
        "status": "historical-jam-prototype",
        "series": "alpha20-grid-planning",
        "modalities": "html,text",
        "carrier_count": 4,
        "evidence_level": "A",
        "source_revision": "e242cfd5a3d3c5eec0807e4fa81c2c4dc02ed696",
        "featured": false,
        "relation_degree": 0
      }
    },
    {
      "type": "Feature",
      "geometry": {
        "type": "Point",
        "coordinates": [
          39.011,
          309.392
        ]
      },
      "properties": {
        "work_id": "game:last-light",
        "title": "Last Light",
        "owner": "Game",
        "room": "playable",
        "status": "historical-treatment",
        "series": "game-core-treatment",
        "modalities": "html",
        "carrier_count": 3,
        "evidence_level": "A",
        "source_revision": "fc31c1e1e4536fc7a672970c7e5afd6bc4d8627f",
        "featured": false,
        "relation_degree": 0
      }
    },
    {
      "type": "Feature",
      "geometry": {
        "type": "Point",
        "coordinates": [
          -20.719,
          305.438
        ]
      },
      "properties": {
        "work_id": "game:look-away-garden",
        "title": "Look Away Garden",
        "owner": "Game",
        "room": "playable",
        "status": "consumed-live",
        "series": null,
        "modalities": "godot,text",
        "carrier_count": 4,
        "evidence_level": "A",
        "source_revision": "3cc3a8c94bdec11716a7c4f7ad4b4742388173d5",
        "featured": false,
        "relation_degree": 0
      }
    },
    {
      "type": "Feature",
      "geometry": {
        "type": "Point",
        "coordinates": [
          112.409,
          258.621
        ]
      },
      "properties": {
        "work_id": "game:mote-weather",
        "title": "Mote Weather",
        "owner": "Game",
        "room": "playable",
        "status": "consumed-live",
        "series": null,
        "modalities": "html",
        "carrier_count": 3,
        "evidence_level": "A",
        "source_revision": "6eace5dbab19fbf54fea35e85a6c559d7c3cf6aa",
        "featured": false,
        "relation_degree": 0
      }
    },
    {
      "type": "Feature",
      "geometry": {
        "type": "Point",
        "coordinates": [
          51.312,
          326.042
        ]
      },
      "properties": {
        "work_id": "game:nine-wells",
        "title": "Nine Wells / 九井",
        "owner": "Game",
        "room": "playable",
        "status": "historical-playable",
        "series": "daily-creative",
        "modalities": "godot,image,text",
        "carrier_count": 9,
        "evidence_level": "A",
        "source_revision": "379ebdc82e74444e1b39c4ad53c0043348a11e08",
        "featured": false,
        "relation_degree": 0
      }
    },
    {
      "type": "Feature",
      "geometry": {
        "type": "Point",
        "coordinates": [
          72.743,
          195.064
        ]
      },
      "properties": {
        "work_id": "game:observer-switchboard",
        "title": "Observer Switchboard",
        "owner": "Game",
        "room": "playable",
        "status": "frozen-digital",
        "series": "observer",
        "modalities": "html,image,text",
        "carrier_count": 23,
        "evidence_level": "A",
        "source_revision": "745903311947e791e872eaf180653f6c9cabff21",
        "featured": true,
        "relation_degree": 0
      }
    },
    {
      "type": "Feature",
      "geometry": {
        "type": "Point",
        "coordinates": [
          -14.876,
          206.617
        ]
      },
      "properties": {
        "work_id": "game:one-button-gets-tired",
        "title": "One Button Gets Tired",
        "owner": "Game",
        "room": null,
        "status": "source-fenced-cabinet",
        "series": null,
        "modalities": "",
        "carrier_count": 1,
        "evidence_level": "A",
        "source_revision": "edc1f2dbee23e24fbf9bfa878b7531db87c45c8b",
        "featured": false,
        "relation_degree": 0
      }
    },
    {
      "type": "Feature",
      "geometry": {
        "type": "Point",
        "coordinates": [
          129.41,
          248.943
        ]
      },
      "properties": {
        "work_id": "game:one-rule-garden",
        "title": "One Rule Garden",
        "owner": "Game",
        "room": "playable",
        "status": "consumed-live",
        "series": null,
        "modalities": "html,text",
        "carrier_count": 6,
        "evidence_level": "A",
        "source_revision": "e78b85e09fa9d4952d32d24393589fd782616842",
        "featured": false,
        "relation_degree": 0
      }
    },
    {
      "type": "Feature",
      "geometry": {
        "type": "Point",
        "coordinates": [
          -44.79,
          273.096
        ]
      },
      "properties": {
        "work_id": "game:precision-traversal",
        "title": "Precision Traversal",
        "owner": "Game",
        "room": "playable",
        "status": "historical-proof-prototype",
        "series": "pre-g0-player-value-proofs",
        "modalities": "html",
        "carrier_count": 3,
        "evidence_level": "A",
        "source_revision": "2ef9c011ea9a49ed341fef5611818aff042fe7c4",
        "featured": false,
        "relation_degree": 0
      }
    },
    {
      "type": "Feature",
      "geometry": {
        "type": "Point",
        "coordinates": [
          89.941,
          327.212
        ]
      },
      "properties": {
        "work_id": "game:veilwild-r1",
        "title": "Project Veilwild R1",
        "owner": "Game",
        "room": "playable",
        "status": "historical-experimental-playable",
        "series": "game-capability-activation",
        "modalities": "godot,image,text",
        "carrier_count": 210,
        "evidence_level": "A",
        "source_revision": "7c0fc088aa1ef73349e8a021ef10946453779db9",
        "featured": false,
        "relation_degree": 0
      }
    },
    {
      "type": "Feature",
      "geometry": {
        "type": "Point",
        "coordinates": [
          132.366,
          254.756
        ]
      },
      "properties": {
        "work_id": "game:queuekeeper",
        "title": "Queuekeeper",
        "owner": "Game",
        "room": "playable",
        "status": "historical-jam-prototype",
        "series": "alpha20-grid-planning",
        "modalities": "html,text",
        "carrier_count": 4,
        "evidence_level": "A",
        "source_revision": "555e68bd0930f57040e8b887cdc2cb069f57c81c",
        "featured": false,
        "relation_degree": 0
      }
    },
    {
      "type": "Feature",
      "geometry": {
        "type": "Point",
        "coordinates": [
          -24.204,
          304.757
        ]
      },
      "properties": {
        "work_id": "game:relay-case-causal-reconstruction",
        "title": "Relay Case: causal reconstruction",
        "owner": "Game",
        "room": "playable",
        "status": "historical-proof-prototype",
        "series": "pre-g0-player-value-proofs",
        "modalities": "html",
        "carrier_count": 3,
        "evidence_level": "A",
        "source_revision": "2ef9c011ea9a49ed341fef5611818aff042fe7c4",
        "featured": false,
        "relation_degree": 0
      }
    },
    {
      "type": "Feature",
      "geometry": {
        "type": "Point",
        "coordinates": [
          -16.554,
          202.291
        ]
      },
      "properties": {
        "work_id": "game:seen-not-approved",
        "title": "Seen Not Approved",
        "owner": "Game",
        "room": "art-media",
        "status": "historical-recovered",
        "series": null,
        "modalities": "image,text",
        "carrier_count": 5,
        "evidence_level": "A",
        "source_revision": "8e8a307450c223ee29d4632f859e2b07cea3e2a2",
        "featured": false,
        "relation_degree": 3
      }
    },
    {
      "type": "Feature",
      "geometry": {
        "type": "Point",
        "coordinates": [
          -42.605,
          304.786
        ]
      },
      "properties": {
        "work_id": "game:seen-not-approved-pcb",
        "title": "Seen Not Approved Pcb",
        "owner": "Game",
        "room": "art-media",
        "status": "historical-recovered",
        "series": null,
        "modalities": "eda,text",
        "carrier_count": 2,
        "evidence_level": "A",
        "source_revision": "db71e5e04fb796f3a95711757a014efbfdbe1d33",
        "featured": false,
        "relation_degree": 1
      }
    },
    {
      "type": "Feature",
      "geometry": {
        "type": "Point",
        "coordinates": [
          -33.34,
          315.476
        ]
      },
      "properties": {
        "work_id": "game:signal-garden-rc-evidence-twin",
        "title": "Signal Garden RC Evidence Twin",
        "owner": "Game",
        "room": "playable",
        "status": "historical-playable",
        "series": "signal-garden",
        "modalities": "godot,image,text",
        "carrier_count": 8,
        "evidence_level": "A",
        "source_revision": "2d0099f6871f003deabaed8ecd7969fcf02db7c6",
        "featured": false,
        "relation_degree": 1
      }
    },
    {
      "type": "Feature",
      "geometry": {
        "type": "Point",
        "coordinates": [
          -47.381,
          270.913
        ]
      },
      "properties": {
        "work_id": "game:signal-garden-evidence-petals",
        "title": "Signal Garden — Evidence Petals",
        "owner": "Game",
        "room": "playable",
        "status": "historical-playable",
        "series": "signal-garden",
        "modalities": "godot,text",
        "carrier_count": 8,
        "evidence_level": "A",
        "source_revision": "a04d3f4d75181b21fa34294236cd8c0cba069af5",
        "featured": false,
        "relation_degree": 1
      }
    },
    {
      "type": "Feature",
      "geometry": {
        "type": "Point",
        "coordinates": [
          -42.754,
          285.518
        ]
      },
      "properties": {
        "work_id": "game:signal-garden-daily",
        "title": "Signal Garden — Game Daily",
        "owner": "Game",
        "room": "playable",
        "status": "historical-playable",
        "series": "signal-garden",
        "modalities": "godot,image,text",
        "carrier_count": 12,
        "evidence_level": "A",
        "source_revision": "401cda17ab9881461b3c00e6a10d0f1c6099f571",
        "featured": false,
        "relation_degree": 0
      }
    },
    {
      "type": "Feature",
      "geometry": {
        "type": "Point",
        "coordinates": [
          35.091,
          176.642
        ]
      },
      "properties": {
        "work_id": "game:station-zero",
        "title": "Station Zero",
        "owner": "Game",
        "room": "playable",
        "status": "historical-canonical-product-snapshot",
        "series": "station-zero",
        "modalities": "html",
        "carrier_count": 18,
        "evidence_level": "A",
        "source_revision": "430ed2f77a18d925963de8a8cb1e6f32142655d7",
        "featured": false,
        "relation_degree": 1
      }
    },
    {
      "type": "Feature",
      "geometry": {
        "type": "Point",
        "coordinates": [
          143.559,
          261.862
        ]
      },
      "properties": {
        "work_id": "game:tactical-commitment",
        "title": "Tactical Commitment",
        "owner": "Game",
        "room": "playable",
        "status": "historical-proof-prototype",
        "series": "pre-g0-player-value-proofs",
        "modalities": "html",
        "carrier_count": 3,
        "evidence_level": "A",
        "source_revision": "2ef9c011ea9a49ed341fef5611818aff042fe7c4",
        "featured": false,
        "relation_degree": 0
      }
    },
    {
      "type": "Feature",
      "geometry": {
        "type": "Point",
        "coordinates": [
          5.85,
          336.664
        ]
      },
      "properties": {
        "work_id": "game:the-floodgate",
        "title": "The Floodgate",
        "owner": "Game",
        "room": "playable",
        "status": "historical-proof-prototype",
        "series": "pre-g0-player-value-proofs",
        "modalities": "html",
        "carrier_count": 3,
        "evidence_level": "A",
        "source_revision": "2ef9c011ea9a49ed341fef5611818aff042fe7c4",
        "featured": false,
        "relation_degree": 0
      }
    },
    {
      "type": "Feature",
      "geometry": {
        "type": "Point",
        "coordinates": [
          20.819,
          173.447
        ]
      },
      "properties": {
        "work_id": "game:three-color-night-shift",
        "title": "Three Color Night Shift",
        "owner": "Game",
        "room": "playable",
        "status": "historical-recovered",
        "series": null,
        "modalities": "godot,text",
        "carrier_count": 6,
        "evidence_level": "A",
        "source_revision": "7cd5ac1acbdc87916e62b2a5edad6c4187b5aa5e",
        "featured": false,
        "relation_degree": 1
      }
    },
    {
      "type": "Feature",
      "geometry": {
        "type": "Point",
        "coordinates": [
          70.203,
          337.16
        ]
      },
      "properties": {
        "work_id": "game:three-doors",
        "title": "Three Doors / 三扇门",
        "owner": "Game",
        "room": "playable",
        "status": "historical-playable",
        "series": "daily-creative",
        "modalities": "html,image,text",
        "carrier_count": 11,
        "evidence_level": "A",
        "source_revision": "ee1664ea24b993ff9e3f76c423a0be179955a945",
        "featured": false,
        "relation_degree": 0
      }
    },
    {
      "type": "Feature",
      "geometry": {
        "type": "Point",
        "coordinates": [
          54.482,
          342.331
        ]
      },
      "properties": {
        "work_id": "game:words-left-in-the-lift",
        "title": "Words Left In The Lift",
        "owner": "Game",
        "room": "playable",
        "status": "historical-recovered",
        "series": null,
        "modalities": "",
        "carrier_count": 1,
        "evidence_level": "A",
        "source_revision": "67ce46238a8f06dad5d6556cfff34e70f3fca126",
        "featured": false,
        "relation_degree": 0
      }
    },
    {
      "type": "Feature",
      "geometry": {
        "type": "Point",
        "coordinates": [
          -531.151,
          111.701
        ]
      },
      "properties": {
        "work_id": "media:0919-office-talisman",
        "title": "09:19 Office Talisman",
        "owner": "Media",
        "room": "art-media",
        "status": "historical-recovered",
        "series": null,
        "modalities": "pdf,text",
        "carrier_count": 3,
        "evidence_level": "A",
        "source_revision": "df5fc91f04448e142be74123297735059627c4ca",
        "featured": false,
        "relation_degree": 1
      }
    },
    {
      "type": "Feature",
      "geometry": {
        "type": "Point",
        "coordinates": [
          -457.77,
          120.906
        ]
      },
      "properties": {
        "work_id": "media:after-the-pulse",
        "title": "After The Pulse",
        "owner": "Media",
        "room": "art-media",
        "status": "historical-recovered",
        "series": null,
        "modalities": "eda,image,text",
        "carrier_count": 8,
        "evidence_level": "A",
        "source_revision": "efe2bade291f068ee6ea91e0e17b3680ec46b5c8",
        "featured": false,
        "relation_degree": 0
      }
    },
    {
      "type": "Feature",
      "geometry": {
        "type": "Point",
        "coordinates": [
          -491.025,
          73.642
        ]
      },
      "properties": {
        "work_id": "media:aggregation-prism",
        "title": "Aggregation Prism",
        "owner": "Media",
        "room": "playable",
        "status": "consumed-live",
        "series": null,
        "modalities": "html,text",
        "carrier_count": 11,
        "evidence_level": "A",
        "source_revision": "76811aeda02ef8772b9011f6ced7a8c04739bf6b",
        "featured": false,
        "relation_degree": 0
      }
    },
    {
      "type": "Feature",
      "geometry": {
        "type": "Point",
        "coordinates": [
          -557.148,
          120.585
        ]
      },
      "properties": {
        "work_id": "media:alignment-field",
        "title": "Alignment Field",
        "owner": "Media",
        "room": "art-media",
        "status": "consumed-live",
        "series": null,
        "modalities": "godot,text",
        "carrier_count": 7,
        "evidence_level": "A",
        "source_revision": "1ff82c9b7aa147f7c2825ff8e766a24b0ab72ad0",
        "featured": false,
        "relation_degree": 0
      }
    },
    {
      "type": "Feature",
      "geometry": {
        "type": "Point",
        "coordinates": [
          -494.376,
          69.786
        ]
      },
      "properties": {
        "work_id": "media:almost-arriving",
        "title": "Almost Arriving",
        "owner": "Media",
        "room": "art-media",
        "status": "historical-recovered",
        "series": null,
        "modalities": "text,video",
        "carrier_count": 5,
        "evidence_level": "A",
        "source_revision": "208862781dc6e1b3054b74ff3f40bf8d81accb29",
        "featured": false,
        "relation_degree": 0
      }
    },
    {
      "type": "Feature",
      "geometry": {
        "type": "Point",
        "coordinates": [
          -547.613,
          143.562
        ]
      },
      "properties": {
        "work_id": "media:almost-together",
        "title": "Almost Together",
        "owner": "Media",
        "room": "art-media",
        "status": "consumed-live",
        "series": null,
        "modalities": "audio,html,text",
        "carrier_count": 15,
        "evidence_level": "A",
        "source_revision": "6e7930c2bc54a703044a2c9de84ac9db6fcad9db",
        "featured": false,
        "relation_degree": 0
      }
    },
    {
      "type": "Feature",
      "geometry": {
        "type": "Point",
        "coordinates": [
          -508.819,
          165.275
        ]
      },
      "properties": {
        "work_id": "media:artifact-standing-envelope-v0",
        "title": "Artifact Standing Envelope",
        "owner": "Media",
        "room": "knowledge-lenses",
        "status": "historical-recovered",
        "series": null,
        "modalities": "text",
        "carrier_count": 7,
        "evidence_level": "A",
        "source_revision": "8e91fbe47820c2efe40009d102f8cd4c73aa9d4a",
        "featured": false,
        "relation_degree": 0
      }
    },
    {
      "type": "Feature",
      "geometry": {
        "type": "Point",
        "coordinates": [
          -483.063,
          67.402
        ]
      },
      "properties": {
        "work_id": "media:atlas-census",
        "title": "Atlas Census",
        "owner": "Media",
        "room": "knowledge-lenses",
        "status": "historical-recovered",
        "series": null,
        "modalities": "html,image,text",
        "carrier_count": 125,
        "evidence_level": "A",
        "source_revision": "b71f02ccce01f3fb40921ace09a4506b139ae1e9",
        "featured": false,
        "relation_degree": 0
      }
    },
    {
      "type": "Feature",
      "geometry": {
        "type": "Point",
        "coordinates": [
          -436.177,
          94.463
        ]
      },
      "properties": {
        "work_id": "media:blender-exit-zero",
        "title": "Blender Exit Zero",
        "owner": "Media",
        "room": null,
        "status": "source-fenced-cabinet",
        "series": null,
        "modalities": "image",
        "carrier_count": 1,
        "evidence_level": "A",
        "source_revision": "52d0be38d5642153f1c4e1f4ce17400966d55922",
        "featured": false,
        "relation_degree": 0
      }
    },
    {
      "type": "Feature",
      "geometry": {
        "type": "Point",
        "coordinates": [
          -436.893,
          147.468
        ]
      },
      "properties": {
        "work_id": "media:bootstrap-layer-console",
        "title": "Bootstrap Layer Console",
        "owner": "Media",
        "room": "knowledge-lenses",
        "status": "historical-recovered",
        "series": null,
        "modalities": "html,text",
        "carrier_count": 14,
        "evidence_level": "A",
        "source_revision": "c98c48486b94f189e39d24eb8d61b2bf3a0f2615",
        "featured": false,
        "relation_degree": 0
      }
    },
    {
      "type": "Feature",
      "geometry": {
        "type": "Point",
        "coordinates": [
          -423.076,
          138.623
        ]
      },
      "properties": {
        "work_id": "media:braess-gate",
        "title": "Braess Gate",
        "owner": "Media",
        "room": "playable",
        "status": "consumed-live",
        "series": null,
        "modalities": "html,text",
        "carrier_count": 11,
        "evidence_level": "A",
        "source_revision": "bc51c27c97c38accf02f941b5710b66ad0fe5b50",
        "featured": false,
        "relation_degree": 1
      }
    },
    {
      "type": "Feature",
      "geometry": {
        "type": "Point",
        "coordinates": [
          -436.411,
          99.164
        ]
      },
      "properties": {
        "work_id": "media:browser-perception-note",
        "title": "Browser Perception Note",
        "owner": "Media",
        "room": "knowledge-lenses",
        "status": "historical-recovered",
        "series": null,
        "modalities": "text",
        "carrier_count": 5,
        "evidence_level": "A",
        "source_revision": "c58898562d09d07ea867d3249c9b55353805df13",
        "featured": false,
        "relation_degree": 0
      }
    },
    {
      "type": "Feature",
      "geometry": {
        "type": "Point",
        "coordinates": [
          -585.281,
          127.642
        ]
      },
      "properties": {
        "work_id": "media:c2-reality-loop",
        "title": "C2 Reality Loop Simulator",
        "owner": "Media",
        "room": "playable",
        "status": "historical-recovered",
        "series": null,
        "modalities": "html,text",
        "carrier_count": 12,
        "evidence_level": "A",
        "source_revision": "23a313471f3b87ef04a1e2f082b0d8e9a52b7ae7",
        "featured": false,
        "relation_degree": 0
      }
    },
    {
      "type": "Feature",
      "geometry": {
        "type": "Point",
        "coordinates": [
          -588.108,
          127.257
        ]
      },
      "properties": {
        "work_id": "media:cabinet-token-encounter",
        "title": "Cabinet Token Encounter",
        "owner": "Media",
        "room": "playable",
        "status": "historical-recovered",
        "series": null,
        "modalities": "image,text",
        "carrier_count": 9,
        "evidence_level": "A",
        "source_revision": "8adbfdd5c4bfdac5d0df228cbe60d2a971a528ed",
        "featured": false,
        "relation_degree": 0
      }
    },
    {
      "type": "Feature",
      "geometry": {
        "type": "Point",
        "coordinates": [
          -540.808,
          59.518
        ]
      },
      "properties": {
        "work_id": "media:capital-closure-navigator",
        "title": "Capital Closure Navigator",
        "owner": "Media",
        "room": "knowledge-lenses",
        "status": "historical-recovered",
        "series": null,
        "modalities": "html,text",
        "carrier_count": 13,
        "evidence_level": "A",
        "source_revision": "7138ac52cddd8e171f14b365a1d87263444e5cd0",
        "featured": false,
        "relation_degree": 0
      }
    },
    {
      "type": "Feature",
      "geometry": {
        "type": "Point",
        "coordinates": [
          -545.148,
          180.585
        ]
      },
      "properties": {
        "work_id": "media:capital-reality-cards",
        "title": "Capital Reality Cards",
        "owner": "Media",
        "room": "knowledge-lenses",
        "status": "historical-recovered",
        "series": null,
        "modalities": "image,text",
        "carrier_count": 8,
        "evidence_level": "A",
        "source_revision": "9951bde0c46b09e502675fd9c9955fef5172f916",
        "featured": false,
        "relation_degree": 0
      }
    },
    {
      "type": "Feature",
      "geometry": {
        "type": "Point",
        "coordinates": [
          -420.603,
          131.328
        ]
      },
      "properties": {
        "work_id": "media:carrier-rain",
        "title": "Carrier Rain",
        "owner": "Media",
        "room": "art-media",
        "status": "frozen-digital",
        "series": null,
        "modalities": "audio,image,text",
        "carrier_count": 20,
        "evidence_level": "A",
        "source_revision": "cd12aedf21cbf77a739a6a42a77376cfcf88dee7",
        "featured": true,
        "relation_degree": 0
      }
    },
    {
      "type": "Feature",
      "geometry": {
        "type": "Point",
        "coordinates": [
          -512.365,
          45.549
        ]
      },
      "properties": {
        "work_id": "media:closed-workspace-postcard",
        "title": "Closed Workspace Postcard",
        "owner": "Media",
        "room": "art-media",
        "status": "historical-recovered",
        "series": null,
        "modalities": "image,text",
        "carrier_count": 2,
        "evidence_level": "A",
        "source_revision": "fb8fd469db189707497426a392fa27a1eba66015",
        "featured": false,
        "relation_degree": 0
      }
    },
    {
      "type": "Feature",
      "geometry": {
        "type": "Point",
        "coordinates": [
          -412.791,
          131.157
        ]
      },
      "properties": {
        "work_id": "media:collective-authority-routing",
        "title": "Collective Authority Routing",
        "owner": "Media",
        "room": "knowledge-lenses",
        "status": "historical-recovered",
        "series": null,
        "modalities": "text",
        "carrier_count": 7,
        "evidence_level": "A",
        "source_revision": "d6208f7f69ce1b2efe7954c2b0a872422dcbf520",
        "featured": false,
        "relation_degree": 0
      }
    },
    {
      "type": "Feature",
      "geometry": {
        "type": "Point",
        "coordinates": [
          -417.025,
          90.894
        ]
      },
      "properties": {
        "work_id": "media:common-mode-root-map",
        "title": "Common-Mode Root Map",
        "owner": "Media",
        "room": "knowledge-lenses",
        "status": "historical-recovered",
        "series": null,
        "modalities": "html,text",
        "carrier_count": 12,
        "evidence_level": "A",
        "source_revision": "66cc19dc0b2ab0cb9bc3165b2d2491a58fb7c613",
        "featured": false,
        "relation_degree": 0
      }
    },
    {
      "type": "Feature",
      "geometry": {
        "type": "Point",
        "coordinates": [
          -583.15,
          84.226
        ]
      },
      "properties": {
        "work_id": "media:commons-pass",
        "title": "Commons Pass",
        "owner": "Media",
        "room": "playable",
        "status": "historical-recovered",
        "series": null,
        "modalities": "html,text",
        "carrier_count": 12,
        "evidence_level": "A",
        "source_revision": "03c0fdd149addbcd03bd6b8474d2d93251b06a34",
        "featured": false,
        "relation_degree": 0
      }
    },
    {
      "type": "Feature",
      "geometry": {
        "type": "Point",
        "coordinates": [
          -555.939,
          183.49
        ]
      },
      "properties": {
        "work_id": "media:competitive-reality-navigator",
        "title": "Competitive Reality Navigator",
        "owner": "Media",
        "room": "knowledge-lenses",
        "status": "historical-recovered",
        "series": null,
        "modalities": "html,text",
        "carrier_count": 14,
        "evidence_level": "A",
        "source_revision": "d5313d9db98a4f2aa9be7e724878f9970337d8a6",
        "featured": false,
        "relation_degree": 0
      }
    },
    {
      "type": "Feature",
      "geometry": {
        "type": "Point",
        "coordinates": [
          -503.797,
          193.313
        ]
      },
      "properties": {
        "work_id": "media:consumer-interaction-review-cards",
        "title": "Consumer Interaction Review Cards",
        "owner": "Media",
        "room": "knowledge-lenses",
        "status": "historical-recovered",
        "series": null,
        "modalities": "html,text",
        "carrier_count": 14,
        "evidence_level": "A",
        "source_revision": "92a75046833c3edddbdaf46c88ba7c93810570c1",
        "featured": false,
        "relation_degree": 0
      }
    },
    {
      "type": "Feature",
      "geometry": {
        "type": "Point",
        "coordinates": [
          -501.414,
          189.457
        ]
      },
      "properties": {
        "work_id": "media:convergence-sonic-ident",
        "title": "Convergence — Ordivon Sonic Ident 001",
        "owner": "Media",
        "room": "art-media",
        "status": "consumed-live",
        "series": "convergence",
        "modalities": "audio,image,text",
        "carrier_count": 12,
        "evidence_level": "A",
        "source_revision": "9b64d58fe4a2fd8e906426e3b4fdfa4fcd81a180",
        "featured": false,
        "relation_degree": 0
      }
    },
    {
      "type": "Feature",
      "geometry": {
        "type": "Point",
        "coordinates": [
          -579.487,
          152.726
        ]
      },
      "properties": {
        "work_id": "media:counterwind-harbor",
        "title": "Counterwind Harbor",
        "owner": "Media",
        "room": "art-media",
        "status": "historical-recovered",
        "series": null,
        "modalities": "html,text",
        "carrier_count": 5,
        "evidence_level": "A",
        "source_revision": "e9ffc79001f7b67756c957a8226c03361ff79898",
        "featured": false,
        "relation_degree": 0
      }
    },
    {
      "type": "Feature",
      "geometry": {
        "type": "Point",
        "coordinates": [
          -494.756,
          42.278
        ]
      },
      "properties": {
        "work_id": "media:discipline-pressure-deck",
        "title": "Discipline Pressure Deck",
        "owner": "Media",
        "room": "knowledge-lenses",
        "status": "historical-recovered",
        "series": null,
        "modalities": "html,pdf,text",
        "carrier_count": 13,
        "evidence_level": "A",
        "source_revision": "56da227503fa7772dbe53d22d5d42b49672baa11",
        "featured": false,
        "relation_degree": 0
      }
    },
    {
      "type": "Feature",
      "geometry": {
        "type": "Point",
        "coordinates": [
          -583.724,
          174.982
        ]
      },
      "properties": {
        "work_id": "media:distinction-arcade-r0",
        "title": "Distinction Arcade R0",
        "owner": "Media",
        "room": "playable",
        "status": "historical-recovered",
        "series": null,
        "modalities": "html,text",
        "carrier_count": 12,
        "evidence_level": "A",
        "source_revision": "2c91b57d13bbab495d33ddf9cb5941f110b5a879",
        "featured": false,
        "relation_degree": 0
      }
    },
    {
      "type": "Feature",
      "geometry": {
        "type": "Point",
        "coordinates": [
          -530.874,
          189.1
        ]
      },
      "properties": {
        "work_id": "media:domain-coverage-compass",
        "title": "Domain Coverage Compass",
        "owner": "Media",
        "room": "knowledge-lenses",
        "status": "historical-recovered",
        "series": null,
        "modalities": "html,text",
        "carrier_count": 13,
        "evidence_level": "A",
        "source_revision": "c9fb818ad64d1b5a625eccae07465ba96707f131",
        "featured": false,
        "relation_degree": 0
      }
    },
    {
      "type": "Feature",
      "geometry": {
        "type": "Point",
        "coordinates": [
          -596.125,
          144.086
        ]
      },
      "properties": {
        "work_id": "media:drift-compass",
        "title": "Drift Compass",
        "owner": "Media",
        "room": "art-media",
        "status": "historical-recovered",
        "series": null,
        "modalities": "image,text,video",
        "carrier_count": 20,
        "evidence_level": "A",
        "source_revision": "a9abfcfdd894e89069012e8f483dde465142d100",
        "featured": false,
        "relation_degree": 2
      }
    },
    {
      "type": "Feature",
      "geometry": {
        "type": "Point",
        "coordinates": [
          -500.059,
          34.093
        ]
      },
      "properties": {
        "work_id": "media:drift-compass-causal-seam",
        "title": "Drift Compass Causal Seam",
        "owner": "Media",
        "room": "knowledge-lenses",
        "status": "historical-recovered",
        "series": null,
        "modalities": "html,text",
        "carrier_count": 11,
        "evidence_level": "A",
        "source_revision": "8f70c38e63d26110c453a2911f8b022e4a67a464",
        "featured": false,
        "relation_degree": 1
      }
    },
    {
      "type": "Feature",
      "geometry": {
        "type": "Point",
        "coordinates": [
          -515.883,
          36.679
        ]
      },
      "properties": {
        "work_id": "media:drift-compass-error-audio",
        "title": "Drift Compass Error Audio",
        "owner": "Media",
        "room": "art-media",
        "status": "historical-recovered",
        "series": null,
        "modalities": "audio,image,text",
        "carrier_count": 17,
        "evidence_level": "A",
        "source_revision": "55e18c95aad4be85df3a09fe583836b1e1dc3eac",
        "featured": false,
        "relation_degree": 2
      }
    },
    {
      "type": "Feature",
      "geometry": {
        "type": "Point",
        "coordinates": [
          -416.511,
          171.803
        ]
      },
      "properties": {
        "work_id": "media:drift-compass-error-phase-audio",
        "title": "Drift Compass Error Phase Audio",
        "owner": "Media",
        "room": "art-media",
        "status": "historical-recovered",
        "series": null,
        "modalities": "audio,image,text",
        "carrier_count": 19,
        "evidence_level": "A",
        "source_revision": "943cd7e6ac53b198b49d502fc3a31a036dda311e",
        "featured": false,
        "relation_degree": 1
      }
    },
    {
      "type": "Feature",
      "geometry": {
        "type": "Point",
        "coordinates": [
          -421.122,
          178.942
        ]
      },
      "properties": {
        "work_id": "media:echo-field",
        "title": "Echo Field",
        "owner": "Media",
        "room": "art-media",
        "status": "consumed-live",
        "series": null,
        "modalities": "godot,image,text",
        "carrier_count": 9,
        "evidence_level": "A",
        "source_revision": "29a754cb860325fcdd3b6191e18d3e99c866a3dd",
        "featured": false,
        "relation_degree": 0
      }
    },
    {
      "type": "Feature",
      "geometry": {
        "type": "Point",
        "coordinates": [
          -558.356,
          40.213
        ]
      },
      "properties": {
        "work_id": "media:effect-recovery-lab",
        "title": "Effect Recovery Lab",
        "owner": "Media",
        "room": "knowledge-lenses",
        "status": "source-fenced-lens",
        "series": null,
        "modalities": "html,text",
        "carrier_count": 12,
        "evidence_level": "A",
        "source_revision": "06dc796aad2a3945fc6823f50c973521cc5fa3ed",
        "featured": false,
        "relation_degree": 0
      }
    },
    {
      "type": "Feature",
      "geometry": {
        "type": "Point",
        "coordinates": [
          -583.49,
          183.815
        ]
      },
      "properties": {
        "work_id": "media:effect-recovery-lens",
        "title": "Effect Recovery Lens",
        "owner": "Media",
        "room": "knowledge-lenses",
        "status": "historical-recovered",
        "series": null,
        "modalities": "html,text",
        "carrier_count": 12,
        "evidence_level": "A",
        "source_revision": "112b2ce8f91d9547f765c2d2f921249d0a9b0b6a",
        "featured": false,
        "relation_degree": 0
      }
    },
    {
      "type": "Feature",
      "geometry": {
        "type": "Point",
        "coordinates": [
          -603.112,
          84.543
        ]
      },
      "properties": {
        "work_id": "media:equal-center",
        "title": "Equal Center",
        "owner": "Media",
        "room": "art-media",
        "status": "historical-recovered",
        "series": null,
        "modalities": "html,image,text",
        "carrier_count": 13,
        "evidence_level": "A",
        "source_revision": "f19d30452f13c4ae84a930bf4aa466112a927b24",
        "featured": false,
        "relation_degree": 0
      }
    },
    {
      "type": "Feature",
      "geometry": {
        "type": "Point",
        "coordinates": [
          -589.192,
          60.419
        ]
      },
      "properties": {
        "work_id": "media:exit-residue-ledger",
        "title": "Exit Residue Ledger",
        "owner": "Media",
        "room": "knowledge-lenses",
        "status": "historical-recovered",
        "series": null,
        "modalities": "html,text",
        "carrier_count": 12,
        "evidence_level": "A",
        "source_revision": "686e258de7d3b177f622df816fe957a18e0251c6",
        "featured": false,
        "relation_degree": 0
      }
    },
    {
      "type": "Feature",
      "geometry": {
        "type": "Point",
        "coordinates": [
          -523.174,
          35.098
        ]
      },
      "properties": {
        "work_id": "media:feedback-loom",
        "title": "Feedback Loom",
        "owner": "Media",
        "room": "playable",
        "status": "consumed-live",
        "series": null,
        "modalities": "html,text",
        "carrier_count": 11,
        "evidence_level": "A",
        "source_revision": "40f5767f22156c06310c6f40739011a0b278a0a7",
        "featured": false,
        "relation_degree": 1
      }
    },
    {
      "type": "Feature",
      "geometry": {
        "type": "Point",
        "coordinates": [
          -383.301,
          109.904
        ]
      },
      "properties": {
        "work_id": "media:formation-timeline-lab",
        "title": "Formation Timeline Lab",
        "owner": "Media",
        "room": "knowledge-lenses",
        "status": "historical-recovered",
        "series": null,
        "modalities": "html,text",
        "carrier_count": 11,
        "evidence_level": "A",
        "source_revision": "9e8499fa9a3b6bb557429c00c36fbb0f9f18e035",
        "featured": false,
        "relation_degree": 0
      }
    },
    {
      "type": "Feature",
      "geometry": {
        "type": "Point",
        "coordinates": [
          -400.226,
          76.99
        ]
      },
      "properties": {
        "work_id": "media:free-memory-is-not-a-shape",
        "title": "Free Memory Is Not a Shape",
        "owner": "Media",
        "room": "knowledge-lenses",
        "status": "historical-recovered",
        "series": null,
        "modalities": "html",
        "carrier_count": 1,
        "evidence_level": "A",
        "source_revision": "af056aa27668a134d83d764f7b1956e494594677",
        "featured": false,
        "relation_degree": 0
      }
    },
    {
      "type": "Feature",
      "geometry": {
        "type": "Point",
        "coordinates": [
          -561.637,
          198.465
        ]
      },
      "properties": {
        "work_id": "media:frustration-triangle",
        "title": "Frustration Triangle",
        "owner": "Media",
        "room": "playable",
        "status": "consumed-live",
        "series": null,
        "modalities": "html,text",
        "carrier_count": 11,
        "evidence_level": "A",
        "source_revision": "de69c6aa158ed1d2b646d16fa2feb50f62a74aba",
        "featured": false,
        "relation_degree": 0
      }
    },
    {
      "type": "Feature",
      "geometry": {
        "type": "Point",
        "coordinates": [
          -599.562,
          81.095
        ]
      },
      "properties": {
        "work_id": "media:gesture-orrery",
        "title": "Gesture Orrery",
        "owner": "Media",
        "room": "art-media",
        "status": "frozen-digital",
        "series": "orrery",
        "modalities": "image,text",
        "carrier_count": 4,
        "evidence_level": "A",
        "source_revision": "ec905f09dc193dfa5dd8384f3315f3b5a0c86832",
        "featured": false,
        "relation_degree": 0
      }
    },
    {
      "type": "Feature",
      "geometry": {
        "type": "Point",
        "coordinates": [
          -412.742,
          190.562
        ]
      },
      "properties": {
        "work_id": "media:glass-elevator",
        "title": "Glass Elevator",
        "owner": "Media",
        "room": "art-media",
        "status": "consumed-live",
        "series": null,
        "modalities": "audio,html,image,text",
        "carrier_count": 14,
        "evidence_level": "A",
        "source_revision": "09a2b71d54aa4d49a73d2fde9fb02bd05f9bfe92",
        "featured": false,
        "relation_degree": 0
      }
    },
    {
      "type": "Feature",
      "geometry": {
        "type": "Point",
        "coordinates": [
          -472.929,
          23.707
        ]
      },
      "properties": {
        "work_id": "media:historical-selection-lens",
        "title": "Historical Selection Lens",
        "owner": "Media",
        "room": "knowledge-lenses",
        "status": "source-fenced-lens",
        "series": null,
        "modalities": "html,text",
        "carrier_count": 13,
        "evidence_level": "A",
        "source_revision": "faa3fcb512bed7e486cbba96d2480dffc0502ba5",
        "featured": false,
        "relation_degree": 0
      }
    },
    {
      "type": "Feature",
      "geometry": {
        "type": "Point",
        "coordinates": [
          -603.354,
          180.823
        ]
      },
      "properties": {
        "work_id": "media:hysteresis-garden",
        "title": "Hysteresis Garden",
        "owner": "Media",
        "room": "art-media",
        "status": "consumed-live",
        "series": null,
        "modalities": "html,text",
        "carrier_count": 12,
        "evidence_level": "A",
        "source_revision": "abc17d6e9dacae7c6d0b402a3e8b15bd68bd7c72",
        "featured": false,
        "relation_degree": 0
      }
    },
    {
      "type": "Feature",
      "geometry": {
        "type": "Point",
        "coordinates": [
          -393.895,
          77.749
        ]
      },
      "properties": {
        "work_id": "media:hysteresis-lantern",
        "title": "Hysteresis Lantern",
        "owner": "Media",
        "room": "art-media",
        "status": "historical-recovered",
        "series": null,
        "modalities": "eda,image,text",
        "carrier_count": 53,
        "evidence_level": "A",
        "source_revision": "c71cf7fcd3233ee497b6cb2ba319db1281f02bd7",
        "featured": false,
        "relation_degree": 1
      }
    },
    {
      "type": "Feature",
      "geometry": {
        "type": "Point",
        "coordinates": [
          -450.672,
          212.472
        ]
      },
      "properties": {
        "work_id": "media:hysteresis-lantern-analog-gate",
        "title": "Hysteresis Lantern Analog Gate",
        "owner": "Media",
        "room": "art-media",
        "status": "historical-recovered",
        "series": null,
        "modalities": "eda,image,text",
        "carrier_count": 21,
        "evidence_level": "A",
        "source_revision": "25d85f51e40d562b1704b277518384d722e29267",
        "featured": false,
        "relation_degree": 1
      }
    },
    {
      "type": "Feature",
      "geometry": {
        "type": "Point",
        "coordinates": [
          -620.477,
          100.174
        ]
      },
      "properties": {
        "work_id": "media:judgment-lens",
        "title": "Judgment Lens",
        "owner": "Media",
        "room": "knowledge-lenses",
        "status": "source-fenced-lens",
        "series": null,
        "modalities": "html,text",
        "carrier_count": 11,
        "evidence_level": "A",
        "source_revision": "06dc796aad2a3945fc6823f50c973521cc5fa3ed",
        "featured": false,
        "relation_degree": 0
      }
    },
    {
      "type": "Feature",
      "geometry": {
        "type": "Point",
        "coordinates": [
          -487.154,
          18.888
        ]
      },
      "properties": {
        "work_id": "media:last-store-open",
        "title": "Last Store Open",
        "owner": "Media",
        "room": "art-media",
        "status": "historical-recovered",
        "series": null,
        "modalities": "image,text",
        "carrier_count": 4,
        "evidence_level": "A",
        "source_revision": "3b4c7b78b94cb7daae6b480d32942c50ebe27980",
        "featured": false,
        "relation_degree": 1
      }
    },
    {
      "type": "Feature",
      "geometry": {
        "type": "Point",
        "coordinates": [
          -575.084,
          43.393
        ]
      },
      "properties": {
        "work_id": "media:last-store-open-relay-text",
        "title": "Last Store Open Relay Text",
        "owner": "Media",
        "room": "art-media",
        "status": "historical-recovered",
        "series": null,
        "modalities": "text",
        "carrier_count": 2,
        "evidence_level": "A",
        "source_revision": "43e3b567ebaedad1c063953beb2386f74d660815",
        "featured": false,
        "relation_degree": 1
      }
    },
    {
      "type": "Feature",
      "geometry": {
        "type": "Point",
        "coordinates": [
          -624.057,
          129.088
        ]
      },
      "properties": {
        "work_id": "media:latch-hall",
        "title": "Latch Hall",
        "owner": "Media",
        "room": "playable",
        "status": "consumed-live",
        "series": null,
        "modalities": "html,text",
        "carrier_count": 11,
        "evidence_level": "A",
        "source_revision": "7b524bfc4d303d680607bfa34a9f7b587963bfb1",
        "featured": true,
        "relation_degree": 1
      }
    },
    {
      "type": "Feature",
      "geometry": {
        "type": "Point",
        "coordinates": [
          -477.654,
          15.517
        ]
      },
      "properties": {
        "work_id": "media:lineage-shelf",
        "title": "Lineage Shelf",
        "owner": "Media",
        "room": "knowledge-lenses",
        "status": "historical-recovered",
        "series": null,
        "modalities": "html,text",
        "carrier_count": 11,
        "evidence_level": "A",
        "source_revision": "e7d27af05e187d50556a2a4fa5d0907d7d332949",
        "featured": false,
        "relation_degree": 0
      }
    },
    {
      "type": "Feature",
      "geometry": {
        "type": "Point",
        "coordinates": [
          -410.558,
          54.226
        ]
      },
      "properties": {
        "work_id": "media:living-field",
        "title": "Living Field",
        "owner": "Media",
        "room": "art-media",
        "status": "consumed-live",
        "series": null,
        "modalities": "html,image,text,video",
        "carrier_count": 15,
        "evidence_level": "A",
        "source_revision": "6a16b7ae7ecf0bb5f6c7a4754c7c0c19f761bc3b",
        "featured": false,
        "relation_degree": 1
      }
    },
    {
      "type": "Feature",
      "geometry": {
        "type": "Point",
        "coordinates": [
          -629.802,
          120.356
        ]
      },
      "properties": {
        "work_id": "media:log-volvelle",
        "title": "Log Volvelle",
        "owner": "Media",
        "room": "playable",
        "status": "consumed-live",
        "series": "paper-machines",
        "modalities": "html,text",
        "carrier_count": 11,
        "evidence_level": "A",
        "source_revision": "ff0bd57235375c838cb3b80e12f0aba50c162537",
        "featured": false,
        "relation_degree": 0
      }
    },
    {
      "type": "Feature",
      "geometry": {
        "type": "Point",
        "coordinates": [
          -404.805,
          44.508
        ]
      },
      "properties": {
        "work_id": "media:logarithmic-volvelle",
        "title": "Logarithmic Volvelle",
        "owner": "Media",
        "room": null,
        "status": "source-fenced-cabinet",
        "series": null,
        "modalities": "image",
        "carrier_count": 1,
        "evidence_level": "A",
        "source_revision": "f05626e4f6dd2d1eef505b204402cb3e78bc350d",
        "featured": false,
        "relation_degree": 0
      }
    },
    {
      "type": "Feature",
      "geometry": {
        "type": "Point",
        "coordinates": [
          -464.954,
          22.942
        ]
      },
      "properties": {
        "work_id": "media:memory-after-pulse",
        "title": "Memory After Pulse",
        "owner": "Media",
        "room": "art-media",
        "status": "frozen-digital",
        "series": null,
        "modalities": "audio,text",
        "carrier_count": 4,
        "evidence_level": "A",
        "source_revision": "22612c3ae9b6cf87d2f1b97f5e85f300993925af",
        "featured": false,
        "relation_degree": 0
      }
    },
    {
      "type": "Feature",
      "geometry": {
        "type": "Point",
        "coordinates": [
          -367.676,
          135.443
        ]
      },
      "properties": {
        "work_id": "media:mhs-hardware-boundary",
        "title": "MHS Hardware Boundary",
        "owner": "Media",
        "room": "knowledge-lenses",
        "status": "historical-recovered",
        "series": null,
        "modalities": "text",
        "carrier_count": 9,
        "evidence_level": "A",
        "source_revision": "7b83949f25263d267de1f2d3c10aa028ee9d9380",
        "featured": false,
        "relation_degree": 0
      }
    },
    {
      "type": "Feature",
      "geometry": {
        "type": "Point",
        "coordinates": [
          -622.195,
          145.778
        ]
      },
      "properties": {
        "work_id": "media:mobius-boundary-register",
        "title": "Möbius Boundary Register",
        "owner": "Media",
        "room": null,
        "status": "source-fenced-cabinet",
        "series": null,
        "modalities": "image",
        "carrier_count": 1,
        "evidence_level": "A",
        "source_revision": "1ed72c87533159a6762180dc813bb8cc04fe1023",
        "featured": false,
        "relation_degree": 0
      }
    },
    {
      "type": "Feature",
      "geometry": {
        "type": "Point",
        "coordinates": [
          -504.072,
          226.218
        ]
      },
      "properties": {
        "work_id": "media:mobius-boundary-walk",
        "title": "Möbius Boundary Walk",
        "owner": "Media",
        "room": "playable",
        "status": "consumed-live",
        "series": null,
        "modalities": "html,text",
        "carrier_count": 12,
        "evidence_level": "A",
        "source_revision": "e277336549aadf98c8f96d5592727a4888113136",
        "featured": false,
        "relation_degree": 0
      }
    },
    {
      "type": "Feature",
      "geometry": {
        "type": "Point",
        "coordinates": [
          -618.089,
          80.723
        ]
      },
      "properties": {
        "work_id": "media:night-buoy",
        "title": "Night Buoy",
        "owner": "Media",
        "room": "art-media",
        "status": "historical-recovered",
        "series": null,
        "modalities": "html,image,text",
        "carrier_count": 14,
        "evidence_level": "A",
        "source_revision": "f125fdbd3b45176fe0552b291d7e7f0f2f84df42",
        "featured": false,
        "relation_degree": 0
      }
    },
    {
      "type": "Feature",
      "geometry": {
        "type": "Point",
        "coordinates": [
          -353.452,
          123.769
        ]
      },
      "properties": {
        "work_id": "media:nine-ways-a-door-can-almost-open",
        "title": "Nine Ways a Door Can Almost Open",
        "owner": "Media",
        "room": "art-media",
        "status": "historical-recovered",
        "series": null,
        "modalities": "image",
        "carrier_count": 2,
        "evidence_level": "A",
        "source_revision": "2432584eb6f1e853df779b16a89100cd9278999f",
        "featured": false,
        "relation_degree": 0
      }
    },
    {
      "type": "Feature",
      "geometry": {
        "type": "Point",
        "coordinates": [
          -639.499,
          83.463
        ]
      },
      "properties": {
        "work_id": "media:nontransitive-dice",
        "title": "Nontransitive Dice",
        "owner": "Media",
        "room": "playable",
        "status": "consumed-live",
        "series": null,
        "modalities": "html,image,text",
        "carrier_count": 12,
        "evidence_level": "A",
        "source_revision": "c53e4c3d85cca3f18314c81739b08a35df299cb1",
        "featured": false,
        "relation_degree": 1
      }
    },
    {
      "type": "Feature",
      "geometry": {
        "type": "Point",
        "coordinates": [
          -366.265,
          110.749
        ]
      },
      "properties": {
        "work_id": "media:one-bell-three-rooms",
        "title": "One Bell, Three Rooms",
        "owner": "Media",
        "room": "art-media",
        "status": "consumed-live",
        "series": null,
        "modalities": "audio,html,text",
        "carrier_count": 8,
        "evidence_level": "A",
        "source_revision": "18eebb3d6d71db85799af9de6667502b12efa673",
        "featured": false,
        "relation_degree": 0
      }
    },
    {
      "type": "Feature",
      "geometry": {
        "type": "Point",
        "coordinates": [
          -631.706,
          98.231
        ]
      },
      "properties": {
        "work_id": "media:one-line-constellation",
        "title": "One-Line Constellation",
        "owner": "Media",
        "room": "art-media",
        "status": "consumed-live",
        "series": null,
        "modalities": "html,text",
        "carrier_count": 11,
        "evidence_level": "A",
        "source_revision": "b263ca13d79a4b4ddc69aa785eabbb2b282d870c",
        "featured": false,
        "relation_degree": 0
      }
    },
    {
      "type": "Feature",
      "geometry": {
        "type": "Point",
        "coordinates": [
          -531.709,
          233.648
        ]
      },
      "properties": {
        "work_id": "media:opaque-seed-01",
        "title": "Opaque Seed 01",
        "owner": "Media",
        "room": "art-media",
        "status": "historical-recovered",
        "series": null,
        "modalities": "audio,text",
        "carrier_count": 3,
        "evidence_level": "A",
        "source_revision": "9442dccf3de8b5d364d6a7c81e67e1d3e75890d1",
        "featured": false,
        "relation_degree": 1
      }
    },
    {
      "type": "Feature",
      "geometry": {
        "type": "Point",
        "coordinates": [
          -616.231,
          61.516
        ]
      },
      "properties": {
        "work_id": "media:opaque-seed-response-01",
        "title": "Opaque Seed Response 01",
        "owner": "Media",
        "room": "art-media",
        "status": "historical-recovered",
        "series": null,
        "modalities": "text",
        "carrier_count": 1,
        "evidence_level": "A",
        "source_revision": "54f25759f6676f0879af49eb0f9aaccfad2a7108",
        "featured": false,
        "relation_degree": 1
      }
    },
    {
      "type": "Feature",
      "geometry": {
        "type": "Point",
        "coordinates": [
          -459.05,
          14.646
        ]
      },
      "properties": {
        "work_id": "media:open-contact",
        "title": "Open Contact",
        "owner": "Media",
        "room": "art-media",
        "status": "historical-recovered",
        "series": null,
        "modalities": "eda,image,text",
        "carrier_count": 5,
        "evidence_level": "A",
        "source_revision": "10db706a3c9d30a7ae71bd951a2c8ce304a5a486",
        "featured": false,
        "relation_degree": 0
      }
    },
    {
      "type": "Feature",
      "geometry": {
        "type": "Point",
        "coordinates": [
          -494.435,
          14.686
        ]
      },
      "properties": {
        "work_id": "media:opportunity-window-strip-v2",
        "title": "Opportunity Window Strip v2",
        "owner": "Media",
        "room": "art-media",
        "status": "consumed-live",
        "series": null,
        "modalities": "html,text",
        "carrier_count": 2,
        "evidence_level": "A",
        "source_revision": "dae421457fe3edcc331107de847b390e7e0e1cc1",
        "featured": false,
        "relation_degree": 0
      }
    },
    {
      "type": "Feature",
      "geometry": {
        "type": "Point",
        "coordinates": [
          -455.31,
          158.405
        ]
      },
      "properties": {
        "work_id": "media:atlas-of-atlases",
        "title": "Ordivon Atlas of Atlases",
        "owner": "Media",
        "room": "knowledge-lenses",
        "status": "historical-recovered",
        "series": null,
        "modalities": "html,text",
        "carrier_count": 12,
        "evidence_level": "A",
        "source_revision": "426fc6ec52794bcdf0713d899c1a7ad4e13c0f15",
        "featured": false,
        "relation_degree": 0
      }
    },
    {
      "type": "Feature",
      "geometry": {
        "type": "Point",
        "coordinates": [
          -369.063,
          152.608
        ]
      },
      "properties": {
        "work_id": "media:ordivon-book-v0",
        "title": "Ordivon Book v0",
        "owner": "Media",
        "room": "knowledge-lenses",
        "status": "source-fenced-lens",
        "series": null,
        "modalities": "text",
        "carrier_count": 20,
        "evidence_level": "A",
        "source_revision": "1f06b9330af863d7a0716f4c0b7c9df27f049a61",
        "featured": false,
        "relation_degree": 0
      }
    },
    {
      "type": "Feature",
      "geometry": {
        "type": "Point",
        "coordinates": [
          -658.845,
          68.413
        ]
      },
      "properties": {
        "work_id": "media:site-social-card",
        "title": "Ordivon Root Social Card",
        "owner": "Media",
        "room": "art-media",
        "status": "historical-recovered",
        "series": null,
        "modalities": "image,text",
        "carrier_count": 7,
        "evidence_level": "A",
        "source_revision": "bbb4e6eaeecb4cbf0ffe03573aa1c35e78b623c8",
        "featured": false,
        "relation_degree": 0
      }
    },
    {
      "type": "Feature",
      "geometry": {
        "type": "Point",
        "coordinates": [
          -545.727,
          230.501
        ]
      },
      "properties": {
        "work_id": "media:osrce-reconstruction-xray",
        "title": "OSRCE Reconstruction X-ray",
        "owner": "Media",
        "room": "knowledge-lenses",
        "status": "historical-recovered",
        "series": null,
        "modalities": "html,text",
        "carrier_count": 7,
        "evidence_level": "A",
        "source_revision": "a831ebdc96722aa3d5ba4490a90d1b1b0e5e4068",
        "featured": false,
        "relation_degree": 0
      }
    },
    {
      "type": "Feature",
      "geometry": {
        "type": "Point",
        "coordinates": [
          -431.563,
          25.923
        ]
      },
      "properties": {
        "work_id": "media:paper-gray-register",
        "title": "Paper Gray Register",
        "owner": "Media",
        "room": "playable",
        "status": "consumed-live",
        "series": "paper-machines",
        "modalities": "html,text",
        "carrier_count": 11,
        "evidence_level": "A",
        "source_revision": "39805b67836e06809365582b2b008c55f4caaf26",
        "featured": false,
        "relation_degree": 0
      }
    },
    {
      "type": "Feature",
      "geometry": {
        "type": "Point",
        "coordinates": [
          -635.272,
          163.83
        ]
      },
      "properties": {
        "work_id": "media:paper-sentence-engine",
        "title": "Paper Sentence Engine",
        "owner": "Media",
        "room": "playable",
        "status": "consumed-live",
        "series": "paper-machines",
        "modalities": "html,text",
        "carrier_count": 12,
        "evidence_level": "A",
        "source_revision": "00fce72c4d6ce25db4bf8fd4443e947746ac60dd",
        "featured": false,
        "relation_degree": 0
      }
    },
    {
      "type": "Feature",
      "geometry": {
        "type": "Point",
        "coordinates": [
          -421.874,
          209.904
        ]
      },
      "properties": {
        "work_id": "media:partial-observation-trap",
        "title": "Partial Observation Trap",
        "owner": "Media",
        "room": "playable",
        "status": "historical-recovered",
        "series": null,
        "modalities": "text",
        "carrier_count": 5,
        "evidence_level": "A",
        "source_revision": "41361bd2a2af237b11748bca9c5214e9755e6928",
        "featured": false,
        "relation_degree": 0
      }
    },
    {
      "type": "Feature",
      "geometry": {
        "type": "Point",
        "coordinates": [
          -528.473,
          233.865
        ]
      },
      "properties": {
        "work_id": "media:pendulum-choir",
        "title": "Pendulum Choir",
        "owner": "Media",
        "room": "art-media",
        "status": "digital-preparation",
        "series": "pendulum-choir",
        "modalities": "html,text",
        "carrier_count": 11,
        "evidence_level": "A",
        "source_revision": "eee57b405a37a1d4f0581da572083897d8fb5bc5",
        "featured": true,
        "relation_degree": 1
      }
    },
    {
      "type": "Feature",
      "geometry": {
        "type": "Point",
        "coordinates": [
          -414.89,
          29.578
        ]
      },
      "properties": {
        "work_id": "media:pendulum-choir-sonification",
        "title": "Pendulum Choir Sonification",
        "owner": "Media",
        "room": "art-media",
        "status": "historical-recovered",
        "series": null,
        "modalities": "audio,image,text,video",
        "carrier_count": 18,
        "evidence_level": "A",
        "source_revision": "21ce301d36b40b702527956e3ffc27bced403a4c",
        "featured": false,
        "relation_degree": 1
      }
    },
    {
      "type": "Feature",
      "geometry": {
        "type": "Point",
        "coordinates": [
          -563.027,
          220.967
        ]
      },
      "properties": {
        "work_id": "media:phase-dial",
        "title": "Phase Dial",
        "owner": "Media",
        "room": "playable",
        "status": "consumed-live",
        "series": "paper-machines",
        "modalities": "html,image,text",
        "carrier_count": 36,
        "evidence_level": "A",
        "source_revision": "80926cd1ead60301e34780e8355edc527f52c725",
        "featured": false,
        "relation_degree": 0
      }
    },
    {
      "type": "Feature",
      "geometry": {
        "type": "Point",
        "coordinates": [
          -382.45,
          190.786
        ]
      },
      "properties": {
        "work_id": "media:power-claim-linter",
        "title": "Power Claim Linter",
        "owner": "Media",
        "room": "playable",
        "status": "historical-recovered",
        "series": null,
        "modalities": "text",
        "carrier_count": 6,
        "evidence_level": "A",
        "source_revision": "e32fdc59bf7cb6fc44681321f3f1317dff23f0b9",
        "featured": false,
        "relation_degree": 0
      }
    },
    {
      "type": "Feature",
      "geometry": {
        "type": "Point",
        "coordinates": [
          -643.413,
          151.143
        ]
      },
      "properties": {
        "work_id": "media:proof-carrier-gate",
        "title": "Proof Carrier Gate",
        "owner": "Media",
        "room": "knowledge-lenses",
        "status": "historical-recovered",
        "series": null,
        "modalities": "html,text",
        "carrier_count": 11,
        "evidence_level": "A",
        "source_revision": "70742b835b5177878d16dfc42b309f8503350432",
        "featured": false,
        "relation_degree": 0
      }
    },
    {
      "type": "Feature",
      "geometry": {
        "type": "Point",
        "coordinates": [
          -591.955,
          208.005
        ]
      },
      "properties": {
        "work_id": "media:proof-graph-shuffle",
        "title": "Proof Graph Shuffle",
        "owner": "Media",
        "room": "playable",
        "status": "historical-recovered",
        "series": null,
        "modalities": "html,text",
        "carrier_count": 11,
        "evidence_level": "A",
        "source_revision": "5c7d0148a3b3805f2f0b0ba4f8ea3fdfff5ea826",
        "featured": false,
        "relation_degree": 0
      }
    },
    {
      "type": "Feature",
      "geometry": {
        "type": "Point",
        "coordinates": [
          -440.923,
          226.343
        ]
      },
      "properties": {
        "work_id": "media:proof-shuffle-puzzle",
        "title": "Proof Shuffle Puzzle",
        "owner": "Media",
        "room": "playable",
        "status": "historical-recovered",
        "series": null,
        "modalities": "text",
        "carrier_count": 7,
        "evidence_level": "A",
        "source_revision": "63d3467c0df1fface3ad8f1a3349772e054c26b3",
        "featured": false,
        "relation_degree": 0
      }
    },
    {
      "type": "Feature",
      "geometry": {
        "type": "Point",
        "coordinates": [
          -647.425,
          70.625
        ]
      },
      "properties": {
        "work_id": "media:question-referent-fence",
        "title": "Question Referent Fence",
        "owner": "Media",
        "room": "knowledge-lenses",
        "status": "historical-recovered",
        "series": null,
        "modalities": "html,text",
        "carrier_count": 13,
        "evidence_level": "A",
        "source_revision": "9f9a1db42c6cc3e8255724c08f418edee2cc7739",
        "featured": false,
        "relation_degree": 0
      }
    },
    {
      "type": "Feature",
      "geometry": {
        "type": "Point",
        "coordinates": [
          -519.976,
          -6.048
        ]
      },
      "properties": {
        "work_id": "media:reaction-constellation-pcb-peer-standing",
        "title": "Reaction Constellation PCB — peer standing",
        "owner": "Media",
        "room": null,
        "status": "source-fenced-cabinet",
        "series": null,
        "modalities": "image",
        "carrier_count": 1,
        "evidence_level": "A",
        "source_revision": "b2b9afaad90c4c42932aed532faeb0ef8f0c6090",
        "featured": false,
        "relation_degree": 0
      }
    },
    {
      "type": "Feature",
      "geometry": {
        "type": "Point",
        "coordinates": [
          -345.11,
          110.163
        ]
      },
      "properties": {
        "work_id": "media:reaction-orrery",
        "title": "Reaction Orrery",
        "owner": "Media",
        "room": "art-media",
        "status": "consumed-live",
        "series": null,
        "modalities": "image,text",
        "carrier_count": 5,
        "evidence_level": "A",
        "source_revision": "e57faa2fca721e20c5fde3e96e26c40618bacc8f",
        "featured": false,
        "relation_degree": 1
      }
    },
    {
      "type": "Feature",
      "geometry": {
        "type": "Point",
        "coordinates": [
          -372.647,
          184.816
        ]
      },
      "properties": {
        "work_id": "media:reaction-pings",
        "title": "Reaction Pings",
        "owner": "Media",
        "room": "art-media",
        "status": "historical-recovered",
        "series": null,
        "modalities": "audio,text",
        "carrier_count": 3,
        "evidence_level": "A",
        "source_revision": "025a3cb57e0b89858129bd05f1663778097d05ab",
        "featured": false,
        "relation_degree": 0
      }
    },
    {
      "type": "Feature",
      "geometry": {
        "type": "Point",
        "coordinates": [
          -357.723,
          82.435
        ]
      },
      "properties": {
        "work_id": "media:reaction-token",
        "title": "Reaction Token",
        "owner": "Media",
        "room": "art-media",
        "status": "historical-recovered",
        "series": null,
        "modalities": "pdf,text",
        "carrier_count": 3,
        "evidence_level": "A",
        "source_revision": "44f43a7241aba6c1a2e7a72329c1852437d59126",
        "featured": false,
        "relation_degree": 1
      }
    },
    {
      "type": "Feature",
      "geometry": {
        "type": "Point",
        "coordinates": [
          -468.397,
          0.082
        ]
      },
      "properties": {
        "work_id": "media:reconstruction-lens",
        "title": "Reconstruction Lens",
        "owner": "Media",
        "room": "knowledge-lenses",
        "status": "historical-recovered",
        "series": null,
        "modalities": "html,text",
        "carrier_count": 12,
        "evidence_level": "A",
        "source_revision": "1daa81174963273962a1bd53bdfbd85f199d17c1",
        "featured": false,
        "relation_degree": 0
      }
    },
    {
      "type": "Feature",
      "geometry": {
        "type": "Point",
        "coordinates": [
          -554.405,
          235.512
        ]
      },
      "properties": {
        "work_id": "media:recovery-lens",
        "title": "Recovery Lens",
        "owner": "Media",
        "room": "knowledge-lenses",
        "status": "source-fenced-lens",
        "series": null,
        "modalities": "html,text",
        "carrier_count": 11,
        "evidence_level": "A",
        "source_revision": "06dc796aad2a3945fc6823f50c973521cc5fa3ed",
        "featured": false,
        "relation_degree": 0
      }
    },
    {
      "type": "Feature",
      "geometry": {
        "type": "Point",
        "coordinates": [
          -346.517,
          98.06
        ]
      },
      "properties": {
        "work_id": "media:recovery-root-lab",
        "title": "Recovery Root Lab",
        "owner": "Media",
        "room": "knowledge-lenses",
        "status": "historical-recovered",
        "series": null,
        "modalities": "html,text",
        "carrier_count": 12,
        "evidence_level": "A",
        "source_revision": "39d1dc0c02dfb101c149c7020d920376b05f0467",
        "featured": false,
        "relation_degree": 0
      }
    },
    {
      "type": "Feature",
      "geometry": {
        "type": "Point",
        "coordinates": [
          -613.359,
          34.416
        ]
      },
      "properties": {
        "work_id": "media:redeployability-shock",
        "title": "Redeployability Shock",
        "owner": "Media",
        "room": "knowledge-lenses",
        "status": "historical-recovered",
        "series": null,
        "modalities": "text",
        "carrier_count": 7,
        "evidence_level": "A",
        "source_revision": "3dff7168c8ae5681bba2666da1d1b3bf7296326c",
        "featured": false,
        "relation_degree": 0
      }
    },
    {
      "type": "Feature",
      "geometry": {
        "type": "Point",
        "coordinates": [
          -520.019,
          -7.852
        ]
      },
      "properties": {
        "work_id": "media:relay-moth",
        "title": "Relay Moth",
        "owner": "Media",
        "room": null,
        "status": "source-fenced-cabinet",
        "series": null,
        "modalities": "image",
        "carrier_count": 1,
        "evidence_level": "A",
        "source_revision": "6cec897c25ed96a8f8ed1b2bcc1c6db662f5250c",
        "featured": false,
        "relation_degree": 0
      }
    },
    {
      "type": "Feature",
      "geometry": {
        "type": "Point",
        "coordinates": [
          -652.023,
          155.028
        ]
      },
      "properties": {
        "work_id": "media:replay-relation-matrix",
        "title": "Replay Relation Matrix",
        "owner": "Media",
        "room": "knowledge-lenses",
        "status": "historical-recovered",
        "series": null,
        "modalities": "text",
        "carrier_count": 3,
        "evidence_level": "A",
        "source_revision": "f8a0700d71bbec3532f0e33510afac9edae2cd73",
        "featured": false,
        "relation_degree": 0
      }
    },
    {
      "type": "Feature",
      "geometry": {
        "type": "Point",
        "coordinates": [
          -572.004,
          2.343
        ]
      },
      "properties": {
        "work_id": "media:representation-compression-lab",
        "title": "Representation Compression Lab",
        "owner": "Media",
        "room": "knowledge-lenses",
        "status": "source-fenced-lens",
        "series": null,
        "modalities": "html,text",
        "carrier_count": 11,
        "evidence_level": "A",
        "source_revision": "52d27610da3ffa4fd1bcb21ce4ae24d3a9e6e1d6",
        "featured": true,
        "relation_degree": 0
      }
    },
    {
      "type": "Feature",
      "geometry": {
        "type": "Point",
        "coordinates": [
          -340.515,
          96.563
        ]
      },
      "properties": {
        "work_id": "media:research-memory-lens",
        "title": "Research Memory Lens",
        "owner": "Media",
        "room": "knowledge-lenses",
        "status": "source-fenced-lens",
        "series": null,
        "modalities": "html,text",
        "carrier_count": 12,
        "evidence_level": "A",
        "source_revision": "06dc796aad2a3945fc6823f50c973521cc5fa3ed",
        "featured": false,
        "relation_degree": 0
      }
    },
    {
      "type": "Feature",
      "geometry": {
        "type": "Point",
        "coordinates": [
          -473.875,
          245.557
        ]
      },
      "properties": {
        "work_id": "media:residual-chime",
        "title": "Residual Chime",
        "owner": "Media",
        "room": "art-media",
        "status": "historical-recovered",
        "series": null,
        "modalities": "audio,image,text",
        "carrier_count": 5,
        "evidence_level": "A",
        "source_revision": "8ae25a0ac2edbb45159d86f32a710498a152282e",
        "featured": false,
        "relation_degree": 0
      }
    },
    {
      "type": "Feature",
      "geometry": {
        "type": "Point",
        "coordinates": [
          -386.143,
          26.557
        ]
      },
      "properties": {
        "work_id": "media:resource-fence-drill",
        "title": "Resource Fence Drill",
        "owner": "Media",
        "room": "playable",
        "status": "historical-recovered",
        "series": null,
        "modalities": "text",
        "carrier_count": 7,
        "evidence_level": "A",
        "source_revision": "47961b2fb8c19232775734a6ddc7d5a0d899461e",
        "featured": false,
        "relation_degree": 0
      }
    },
    {
      "type": "Feature",
      "geometry": {
        "type": "Point",
        "coordinates": [
          -555.688,
          242.312
        ]
      },
      "properties": {
        "work_id": "media:retention-compass",
        "title": "Retention Compass",
        "owner": "Media",
        "room": "knowledge-lenses",
        "status": "historical-recovered",
        "series": null,
        "modalities": "html,text",
        "carrier_count": 7,
        "evidence_level": "A",
        "source_revision": "3514b0946d2845d0ba49240ad30669defc62aaf9",
        "featured": false,
        "relation_degree": 0
      }
    },
    {
      "type": "Feature",
      "geometry": {
        "type": "Point",
        "coordinates": [
          -510.985,
          -13.926
        ]
      },
      "properties": {
        "work_id": "media:retirement-receipt",
        "title": "Retirement Receipt",
        "owner": "Media",
        "room": "knowledge-lenses",
        "status": "historical-recovered",
        "series": null,
        "modalities": "text",
        "carrier_count": 7,
        "evidence_level": "A",
        "source_revision": "a56388a9246cbf5597bdce3af71ca84ebc183f9e",
        "featured": false,
        "relation_degree": 0
      }
    },
    {
      "type": "Feature",
      "geometry": {
        "type": "Point",
        "coordinates": [
          -502.088,
          247.139
        ]
      },
      "properties": {
        "work_id": "media:retry-authority-lab",
        "title": "Retry Authority Lab",
        "owner": "Media",
        "room": "playable",
        "status": "historical-recovered",
        "series": null,
        "modalities": "html,text",
        "carrier_count": 13,
        "evidence_level": "A",
        "source_revision": "3126b8cbae6d0df13c9e1ff89485afc7aa519495",
        "featured": false,
        "relation_degree": 0
      }
    },
    {
      "type": "Feature",
      "geometry": {
        "type": "Point",
        "coordinates": [
          -499.479,
          -9.015
        ]
      },
      "properties": {
        "work_id": "media:retry-or-reconcile",
        "title": "Retry or Reconcile?",
        "owner": "Media",
        "room": "playable",
        "status": "consumed-live",
        "series": null,
        "modalities": "html,text",
        "carrier_count": 10,
        "evidence_level": "A",
        "source_revision": "06dc796aad2a3945fc6823f50c973521cc5fa3ed",
        "featured": false,
        "relation_degree": 0
      }
    },
    {
      "type": "Feature",
      "geometry": {
        "type": "Point",
        "coordinates": [
          -333.748,
          138.102
        ]
      },
      "properties": {
        "work_id": "media:runtime-introduction",
        "title": "Runtime Introduction",
        "owner": "Media",
        "room": "art-media",
        "status": "historical-recovered",
        "series": null,
        "modalities": "text",
        "carrier_count": 19,
        "evidence_level": "A",
        "source_revision": "96f4c720c9ed7dd35bf3de9184726f06a869373c",
        "featured": false,
        "relation_degree": 1
      }
    },
    {
      "type": "Feature",
      "geometry": {
        "type": "Point",
        "coordinates": [
          -487.8,
          -12.508
        ]
      },
      "properties": {
        "work_id": "media:runtime-introduction-review",
        "title": "Runtime Introduction Review",
        "owner": "Media",
        "room": "knowledge-lenses",
        "status": "historical-recovered",
        "series": null,
        "modalities": "text",
        "carrier_count": 5,
        "evidence_level": "A",
        "source_revision": "8e5ae5d4be7e5daf58275ff3f58c18fac7dc7ba4",
        "featured": false,
        "relation_degree": 1
      }
    },
    {
      "type": "Feature",
      "geometry": {
        "type": "Point",
        "coordinates": [
          -605.542,
          9.642
        ]
      },
      "properties": {
        "work_id": "media:same-words-narrower-room",
        "title": "Same Words, Narrower Room",
        "owner": "Media",
        "room": "art-media",
        "status": "frozen-digital",
        "series": null,
        "modalities": "pdf,text",
        "carrier_count": 3,
        "evidence_level": "A",
        "source_revision": "409104199755ebfd899510eea727b6b2646705af",
        "featured": false,
        "relation_degree": 0
      }
    },
    {
      "type": "Feature",
      "geometry": {
        "type": "Point",
        "coordinates": [
          -449.228,
          249.659
        ]
      },
      "properties": {
        "work_id": "media:sealed-octant",
        "title": "Sealed Octant",
        "owner": "Media",
        "room": "playable",
        "status": "consumed-live",
        "series": null,
        "modalities": "html,text",
        "carrier_count": 11,
        "evidence_level": "A",
        "source_revision": "03eb6e6fd726034c180a00423eb01f5496a7f0b6",
        "featured": false,
        "relation_degree": 0
      }
    },
    {
      "type": "Feature",
      "geometry": {
        "type": "Point",
        "coordinates": [
          -664.623,
          110.931
        ]
      },
      "properties": {
        "work_id": "media:seen-not-approved-pcb",
        "title": "Seen Not Approved Pcb",
        "owner": "Media",
        "room": "art-media",
        "status": "historical-recovered",
        "series": null,
        "modalities": "eda,image,text",
        "carrier_count": 3,
        "evidence_level": "A",
        "source_revision": "76d5ae799a8a50b1e9c9dd0e875c403ba799030c",
        "featured": false,
        "relation_degree": 1
      }
    },
    {
      "type": "Feature",
      "geometry": {
        "type": "Point",
        "coordinates": [
          -620.008,
          15.093
        ]
      },
      "properties": {
        "work_id": "media:seen-not-approved-spice",
        "title": "Seen Not Approved Spice",
        "owner": "Media",
        "room": "art-media",
        "status": "historical-recovered",
        "series": null,
        "modalities": "eda,image,text",
        "carrier_count": 4,
        "evidence_level": "A",
        "source_revision": "79a2ab48fa3fa5e48ced616bfd42e2f0bdfdf17e",
        "featured": false,
        "relation_degree": 1
      }
    },
    {
      "type": "Feature",
      "geometry": {
        "type": "Point",
        "coordinates": [
          -333.552,
          166.899
        ]
      },
      "properties": {
        "work_id": "media:signal-garden",
        "title": "Signal Garden",
        "owner": "Media",
        "room": "art-media",
        "status": "consumed-live",
        "series": "signal-garden",
        "modalities": "audio,html,image,text,video",
        "carrier_count": 17,
        "evidence_level": "A",
        "source_revision": "b60e0892df071b64b81ca450e1511b230c367150",
        "featured": true,
        "relation_degree": 5
      }
    },
    {
      "type": "Feature",
      "geometry": {
        "type": "Point",
        "coordinates": [
          -681.687,
          127.67
        ]
      },
      "properties": {
        "work_id": "media:signal-garden-evidence-twin",
        "title": "Signal Garden Evidence Twin",
        "owner": "Media",
        "room": "art-media",
        "status": "historical-recovered",
        "series": null,
        "modalities": "html,image,text,video",
        "carrier_count": 10,
        "evidence_level": "A",
        "source_revision": "9ba7d4d7b023dc85964c4d82da75979fb4bb7245",
        "featured": false,
        "relation_degree": 1
      }
    },
    {
      "type": "Feature",
      "geometry": {
        "type": "Point",
        "coordinates": [
          -548.749,
          247.365
        ]
      },
      "properties": {
        "work_id": "media:signal-garden-sonification",
        "title": "Signal Garden Sonification",
        "owner": "Media",
        "room": "art-media",
        "status": "historical-recovered",
        "series": null,
        "modalities": "audio,html,text",
        "carrier_count": 19,
        "evidence_level": "A",
        "source_revision": "6fd6bdf3a2e7abbff7d4576d8d933c8850fa8de3",
        "featured": false,
        "relation_degree": 1
      }
    },
    {
      "type": "Feature",
      "geometry": {
        "type": "Point",
        "coordinates": [
          -537.731,
          -19.587
        ]
      },
      "properties": {
        "work_id": "media:skill-ecosystem-atlas",
        "title": "Skill Ecosystem Atlas",
        "owner": "Media",
        "room": "knowledge-lenses",
        "status": "source-fenced-lens",
        "series": null,
        "modalities": "html,text",
        "carrier_count": 12,
        "evidence_level": "A",
        "source_revision": "e686300897462287db4cd0412fb530366cbd7e1c",
        "featured": false,
        "relation_degree": 1
      }
    },
    {
      "type": "Feature",
      "geometry": {
        "type": "Point",
        "coordinates": [
          -649.025,
          182.998
        ]
      },
      "properties": {
        "work_id": "media:skill-ecosystem-atlas-r4",
        "title": "Skill Ecosystem Atlas R4",
        "owner": "Media",
        "room": "knowledge-lenses",
        "status": "historical-recovered",
        "series": null,
        "modalities": "html,text",
        "carrier_count": 13,
        "evidence_level": "A",
        "source_revision": "8851df1d4691f4ab40352228bbd964d2cc3f7384",
        "featured": false,
        "relation_degree": 1
      }
    },
    {
      "type": "Feature",
      "geometry": {
        "type": "Point",
        "coordinates": [
          -472.81,
          -17.598
        ]
      },
      "properties": {
        "work_id": "media:skill-router",
        "title": "Skill Router",
        "owner": "Media",
        "room": "knowledge-lenses",
        "status": "historical-recovered",
        "series": null,
        "modalities": "html,text",
        "carrier_count": 13,
        "evidence_level": "A",
        "source_revision": "f453e754c67d3fc7cdca28f50cdf5fe9b32b56ff",
        "featured": false,
        "relation_degree": 0
      }
    },
    {
      "type": "Feature",
      "geometry": {
        "type": "Point",
        "coordinates": [
          -414.363,
          -2.859
        ]
      },
      "properties": {
        "work_id": "media:still-point-moving-room",
        "title": "Still Point, Moving Room",
        "owner": "Media",
        "room": "art-media",
        "status": "frozen-digital",
        "series": null,
        "modalities": "text,video",
        "carrier_count": 3,
        "evidence_level": "A",
        "source_revision": "2eaf6533f31a30fe4c1be51fb723f18d275e32e3",
        "featured": false,
        "relation_degree": 0
      }
    },
    {
      "type": "Feature",
      "geometry": {
        "type": "Point",
        "coordinates": [
          -357.967,
          211.796
        ]
      },
      "properties": {
        "work_id": "media:studio-expression-card",
        "title": "Studio Expression Card",
        "owner": "Media",
        "room": "art-media",
        "status": "historical-recovered",
        "series": null,
        "modalities": "image,text",
        "carrier_count": 9,
        "evidence_level": "A",
        "source_revision": "47733e9049d47a9951e9819a6b02d6acbf2fa2ba",
        "featured": false,
        "relation_degree": 0
      }
    },
    {
      "type": "Feature",
      "geometry": {
        "type": "Point",
        "coordinates": [
          -636.108,
          211.987
        ]
      },
      "properties": {
        "work_id": "media:studio-orrery",
        "title": "Studio Orrery",
        "owner": "Media",
        "room": "art-media",
        "status": "consumed-live",
        "series": "orrery",
        "modalities": "cad,eda,html,image,text",
        "carrier_count": 30,
        "evidence_level": "A",
        "source_revision": "03a40d037b5984f55bae0837af7153a02651de3e",
        "featured": true,
        "relation_degree": 0
      }
    },
    {
      "type": "Feature",
      "geometry": {
        "type": "Point",
        "coordinates": [
          -679.542,
          154.934
        ]
      },
      "properties": {
        "work_id": "media:task-lifecycle-triage",
        "title": "Task Lifecycle Triage",
        "owner": "Media",
        "room": "knowledge-lenses",
        "status": "historical-recovered",
        "series": null,
        "modalities": "html,text",
        "carrier_count": 9,
        "evidence_level": "A",
        "source_revision": "c7a46a563f6e03f0f8950190f1d74d7f0a8fd7e1",
        "featured": false,
        "relation_degree": 0
      }
    },
    {
      "type": "Feature",
      "geometry": {
        "type": "Point",
        "coordinates": [
          -349.597,
          55.953
        ]
      },
      "properties": {
        "work_id": "media:tension-field",
        "title": "Tension Field",
        "owner": "Media",
        "room": "playable",
        "status": "historical-recovered",
        "series": null,
        "modalities": "godot,image,text",
        "carrier_count": 8,
        "evidence_level": "A",
        "source_revision": "d30cb09004708b01742039e92008db6fb179a25e",
        "featured": false,
        "relation_degree": 0
      }
    },
    {
      "type": "Feature",
      "geometry": {
        "type": "Point",
        "coordinates": [
          -682.351,
          117.725
        ]
      },
      "properties": {
        "work_id": "media:the-gap-decides",
        "title": "The Gap Decides",
        "owner": "Media",
        "room": "art-media",
        "status": "historical-recovered",
        "series": null,
        "modalities": "image,text",
        "carrier_count": 2,
        "evidence_level": "A",
        "source_revision": "9db89fa76d08186049bbd6a2f518b10441e05c98",
        "featured": false,
        "relation_degree": 0
      }
    },
    {
      "type": "Feature",
      "geometry": {
        "type": "Point",
        "coordinates": [
          -600.326,
          52.968
        ]
      },
      "properties": {
        "work_id": "media:missing-corner",
        "title": "The Missing Corner",
        "owner": "Media",
        "room": "art-media",
        "status": "frozen-digital",
        "series": null,
        "modalities": "image,text",
        "carrier_count": 3,
        "evidence_level": "A",
        "source_revision": "ad63105b82d66fe9a67960383663bbb79b9b0023",
        "featured": false,
        "relation_degree": 0
      }
    },
    {
      "type": "Feature",
      "geometry": {
        "type": "Point",
        "coordinates": [
          -333.943,
          74.291
        ]
      },
      "properties": {
        "work_id": "media:the-wrong-arrow",
        "title": "The Wrong Arrow",
        "owner": "Media",
        "room": "art-media",
        "status": "historical-recovered",
        "series": null,
        "modalities": "image,text",
        "carrier_count": 8,
        "evidence_level": "A",
        "source_revision": "b749ece33cbb6c0a2845e8c9e6f64d2f33e57925",
        "featured": false,
        "relation_degree": 0
      }
    },
    {
      "type": "Feature",
      "geometry": {
        "type": "Point",
        "coordinates": [
          -323.201,
          150.623
        ]
      },
      "properties": {
        "work_id": "media:three-color-night-trial",
        "title": "Three Color Night Trial",
        "owner": "Media",
        "room": "playable",
        "status": "historical-recovered",
        "series": null,
        "modalities": "text",
        "carrier_count": 1,
        "evidence_level": "A",
        "source_revision": "b32787ddbd005b956c6210231f0581bf6429d697",
        "featured": false,
        "relation_degree": 1
      }
    },
    {
      "type": "Feature",
      "geometry": {
        "type": "Point",
        "coordinates": [
          -357.677,
          26.115
        ]
      },
      "properties": {
        "work_id": "media:three-dots-one-exit",
        "title": "Three Dots One Exit",
        "owner": "Media",
        "room": "art-media",
        "status": "historical-recovered",
        "series": null,
        "modalities": "cad,image,text",
        "carrier_count": 8,
        "evidence_level": "A",
        "source_revision": "1c4fb410330b02b063677ab2a56ed946d93e2647",
        "featured": false,
        "relation_degree": 0
      }
    },
    {
      "type": "Feature",
      "geometry": {
        "type": "Point",
        "coordinates": [
          -487.063,
          -22.441
        ]
      },
      "properties": {
        "work_id": "media:traceable-useful",
        "title": "TRACEABLE / USEFUL?",
        "owner": "Media",
        "room": "knowledge-lenses",
        "status": "historical-recovered",
        "series": null,
        "modalities": "pdf,text",
        "carrier_count": 3,
        "evidence_level": "A",
        "source_revision": "ad60de4a2c0cb621dd63b2782fe14664e26b5027",
        "featured": false,
        "relation_degree": 0
      }
    },
    {
      "type": "Feature",
      "geometry": {
        "type": "Point",
        "coordinates": [
          -358.376,
          35.463
        ]
      },
      "properties": {
        "work_id": "media:treaty-ring",
        "title": "Treaty Ring",
        "owner": "Media",
        "room": "playable",
        "status": "consumed-live",
        "series": null,
        "modalities": "html,text",
        "carrier_count": 11,
        "evidence_level": "A",
        "source_revision": "fddf77bd7be85d98ead0c92836f3c0470057de03",
        "featured": false,
        "relation_degree": 0
      }
    },
    {
      "type": "Feature",
      "geometry": {
        "type": "Point",
        "coordinates": [
          -396.696,
          -6.058
        ]
      },
      "properties": {
        "work_id": "media:trial-funnel-microscope",
        "title": "Trial Funnel Microscope",
        "owner": "Media",
        "room": "knowledge-lenses",
        "status": "historical-recovered",
        "series": null,
        "modalities": "html,text",
        "carrier_count": 10,
        "evidence_level": "A",
        "source_revision": "2d1ebfa3d27151426a00c18715f07f4395ec698b",
        "featured": false,
        "relation_degree": 0
      }
    },
    {
      "type": "Feature",
      "geometry": {
        "type": "Point",
        "coordinates": [
          -469.297,
          -24.435
        ]
      },
      "properties": {
        "work_id": "media:twin-veil",
        "title": "Twin Veil Interactive Reconstruction Lab",
        "owner": "Media",
        "room": "art-media",
        "status": "consumed-live",
        "series": null,
        "modalities": "html,text",
        "carrier_count": 11,
        "evidence_level": "A",
        "source_revision": "d3645418fce60a0039e62f1e0bdcf9c75d39a33d",
        "featured": true,
        "relation_degree": 2
      }
    },
    {
      "type": "Feature",
      "geometry": {
        "type": "Point",
        "coordinates": [
          -493.28,
          -25.585
        ]
      },
      "properties": {
        "work_id": "media:twin-veil-study",
        "title": "Twin Veil Study",
        "owner": "Media",
        "room": "art-media",
        "status": "historical-recovered",
        "series": null,
        "modalities": "image,text",
        "carrier_count": 25,
        "evidence_level": "A",
        "source_revision": "d7906ecf0c105e788c4b42f04dedd1de865d36a8",
        "featured": false,
        "relation_degree": 1
      }
    },
    {
      "type": "Feature",
      "geometry": {
        "type": "Point",
        "coordinates": [
          -684.685,
          157.076
        ]
      },
      "properties": {
        "work_id": "media:visible-field",
        "title": "Visible Field 01",
        "owner": "Media",
        "room": "art-media",
        "status": "frozen-digital",
        "series": null,
        "modalities": "image,text",
        "carrier_count": 3,
        "evidence_level": "A",
        "source_revision": "98e237cbe1cd77d6ff880c023b164a812c38c847",
        "featured": false,
        "relation_degree": 1
      }
    },
    {
      "type": "Feature",
      "geometry": {
        "type": "Point",
        "coordinates": [
          -675.473,
          86.943
        ]
      },
      "properties": {
        "work_id": "media:visible-field-history-lens",
        "title": "Visible Field History Lens",
        "owner": "Media",
        "room": "knowledge-lenses",
        "status": "historical-recovered",
        "series": null,
        "modalities": "html,image,text",
        "carrier_count": 18,
        "evidence_level": "A",
        "source_revision": "bf1a6082ab2998d206447751e71e1234f17f3d8e",
        "featured": false,
        "relation_degree": 1
      }
    },
    {
      "type": "Feature",
      "geometry": {
        "type": "Point",
        "coordinates": [
          -601.518,
          -4.775
        ]
      },
      "properties": {
        "work_id": "media:wake-chain-flight-recorder",
        "title": "Wake Chain Flight Recorder",
        "owner": "Media",
        "room": "knowledge-lenses",
        "status": "historical-recovered",
        "series": null,
        "modalities": "html,text",
        "carrier_count": 13,
        "evidence_level": "A",
        "source_revision": "11df7027552dcfcc51639a46f8b3c9493ca2daaf",
        "featured": false,
        "relation_degree": 0
      }
    },
    {
      "type": "Feature",
      "geometry": {
        "type": "Point",
        "coordinates": [
          -316.557,
          137.29
        ]
      },
      "properties": {
        "work_id": "media:weather-for-things-that-choose",
        "title": "Weather for Things That Choose",
        "owner": "Media",
        "room": "art-media",
        "status": "historical-recovered",
        "series": null,
        "modalities": "image",
        "carrier_count": 2,
        "evidence_level": "A",
        "source_revision": "0b3eb017849ac5bd9202ef0ae852a2735bdc1618",
        "featured": false,
        "relation_degree": 0
      }
    },
    {
      "type": "Feature",
      "geometry": {
        "type": "Point",
        "coordinates": [
          -372.039,
          235.194
        ]
      },
      "properties": {
        "work_id": "media:wind-cage",
        "title": "Wind Cage",
        "owner": "Media",
        "room": "art-media",
        "status": "consumed-live",
        "series": null,
        "modalities": "cad,html,image,text",
        "carrier_count": 13,
        "evidence_level": "A",
        "source_revision": "131daa2e91a7b9921e6cc0cc71c90537aefd2eba",
        "featured": false,
        "relation_degree": 0
      }
    },
    {
      "type": "Feature",
      "geometry": {
        "type": "Point",
        "coordinates": [
          -413.596,
          -13.361
        ]
      },
      "properties": {
        "work_id": "media:witness-orbit",
        "title": "Witness Orbit",
        "owner": "Media",
        "room": "art-media",
        "status": "consumed-live",
        "series": "orrery",
        "modalities": "html,image,text",
        "carrier_count": 9,
        "evidence_level": "A",
        "source_revision": "c5349a4f041caed47c303d48576a8ab5f49a816b",
        "featured": true,
        "relation_degree": 0
      }
    },
    {
      "type": "Feature",
      "geometry": {
        "type": "Point",
        "coordinates": [
          -629.942,
          223.683
        ]
      },
      "properties": {
        "work_id": "media:wsl-b1-restart-boundary",
        "title": "WSL B1 Restart Boundary Card",
        "owner": "Media",
        "room": "knowledge-lenses",
        "status": "historical-recovered",
        "series": null,
        "modalities": "html,text",
        "carrier_count": 11,
        "evidence_level": "A",
        "source_revision": "9f1fab02107c05d77753ed5532c1c75392c93b23",
        "featured": false,
        "relation_degree": 0
      }
    },
    {
      "type": "Feature",
      "geometry": {
        "type": "Point",
        "coordinates": [
          -409.921,
          252.812
        ]
      },
      "properties": {
        "work_id": "media:yield-survivor-game",
        "title": "Yield Survivor Game",
        "owner": "Media",
        "room": "playable",
        "status": "historical-recovered",
        "series": null,
        "modalities": "html,text",
        "carrier_count": 7,
        "evidence_level": "A",
        "source_revision": "da31ca1e118f32dcf719d02c02af70ac90a659c2",
        "featured": false,
        "relation_degree": 0
      }
    },
    {
      "type": "Feature",
      "geometry": {
        "type": "Point",
        "coordinates": [
          476.888,
          100.528
        ]
      },
      "properties": {
        "work_id": "web:article:a-better-looking-result-can-still-be-noise",
        "title": "A Better Looking Result Can Still Be Noise",
        "owner": "Web",
        "room": "writing",
        "status": "historical-publication",
        "series": "ordivon-web-articles",
        "modalities": "text",
        "carrier_count": 1,
        "evidence_level": "A",
        "source_revision": "3eba7aae049c123c5db15c20e53d2e66d32acc14",
        "featured": false,
        "relation_degree": 0
      }
    },
    {
      "type": "Feature",
      "geometry": {
        "type": "Point",
        "coordinates": [
          629.252,
          67.835
        ]
      },
      "properties": {
        "work_id": "web:between-states",
        "title": "Between States",
        "owner": "Web",
        "room": "art-media",
        "status": "historical-recovered",
        "series": null,
        "modalities": "image,text,video",
        "carrier_count": 7,
        "evidence_level": "A",
        "source_revision": "d31abf74ba9140f0044f2dda8b292d7a4fe04058",
        "featured": false,
        "relation_degree": 0
      }
    },
    {
      "type": "Feature",
      "geometry": {
        "type": "Point",
        "coordinates": [
          518.471,
          7.796
        ]
      },
      "properties": {
        "work_id": "web:board-social-lens",
        "title": "Board Social Lens",
        "owner": "Web",
        "room": "knowledge-lenses",
        "status": "historical-recovered",
        "series": null,
        "modalities": "html",
        "carrier_count": 1,
        "evidence_level": "A",
        "source_revision": "61fd5bc0c25d27957fb157495a936aacce33228e",
        "featured": false,
        "relation_degree": 0
      }
    },
    {
      "type": "Feature",
      "geometry": {
        "type": "Point",
        "coordinates": [
          415.032,
          80.09
        ]
      },
      "properties": {
        "work_id": "web:charge-and-forget",
        "title": "Charge And Forget",
        "owner": "Web",
        "room": "playable",
        "status": "historical-recovered",
        "series": null,
        "modalities": "eda,html,image,text",
        "carrier_count": 5,
        "evidence_level": "A",
        "source_revision": "c50614312fa721578318bd5a16f01c55db77759f",
        "featured": false,
        "relation_degree": 0
      }
    },
    {
      "type": "Feature",
      "geometry": {
        "type": "Point",
        "coordinates": [
          504.645,
          128.933
        ]
      },
      "properties": {
        "work_id": "web:article:communication-is-gameplay-state",
        "title": "Communication Is Gameplay State",
        "owner": "Web",
        "room": "writing",
        "status": "historical-publication",
        "series": "ordivon-web-articles",
        "modalities": "text",
        "carrier_count": 1,
        "evidence_level": "A",
        "source_revision": "5b70b967a714c73a5223c5648d8ff95cbeea4939",
        "featured": false,
        "relation_degree": 0
      }
    },
    {
      "type": "Feature",
      "geometry": {
        "type": "Point",
        "coordinates": [
          494.092,
          125.231
        ]
      },
      "properties": {
        "work_id": "web:article:correctness-is-not-isolation",
        "title": "Correctness Is Not Isolation",
        "owner": "Web",
        "room": "writing",
        "status": "historical-publication",
        "series": "ordivon-web-articles",
        "modalities": "text",
        "carrier_count": 1,
        "evidence_level": "A",
        "source_revision": "3eba7aae049c123c5db15c20e53d2e66d32acc14",
        "featured": false,
        "relation_degree": 0
      }
    },
    {
      "type": "Feature",
      "geometry": {
        "type": "Point",
        "coordinates": [
          464.554,
          93.567
        ]
      },
      "properties": {
        "work_id": "web:article:creation-judgment-recoverable-systems",
        "title": "Creation Judgment Recoverable Systems",
        "owner": "Web",
        "room": "writing",
        "status": "historical-publication",
        "series": "ordivon-web-articles",
        "modalities": "text",
        "carrier_count": 1,
        "evidence_level": "A",
        "source_revision": "3eba7aae049c123c5db15c20e53d2e66d32acc14",
        "featured": false,
        "relation_degree": 0
      }
    },
    {
      "type": "Feature",
      "geometry": {
        "type": "Point",
        "coordinates": [
          514.485,
          4.468
        ]
      },
      "properties": {
        "work_id": "web:drift-glass",
        "title": "Drift Glass",
        "owner": "Web",
        "room": "playable",
        "status": "historical-recovered",
        "series": null,
        "modalities": "html,text",
        "carrier_count": 2,
        "evidence_level": "A",
        "source_revision": "c2b98807d7b25bcaaff03af285840ce57dea65a2",
        "featured": false,
        "relation_degree": 0
      }
    },
    {
      "type": "Feature",
      "geometry": {
        "type": "Point",
        "coordinates": [
          428.222,
          163.497
        ]
      },
      "properties": {
        "work_id": "web:note:finharness-capital-control-kernel",
        "title": "FinHarness as a capital control kernel",
        "owner": "Web",
        "room": "writing",
        "status": "historical-publication",
        "series": "ordivon-web-notes",
        "modalities": "html",
        "carrier_count": 1,
        "evidence_level": "A",
        "source_revision": "8f5548c10b97519b47195d87f30c42665fc71083",
        "featured": false,
        "relation_degree": 0
      }
    },
    {
      "type": "Feature",
      "geometry": {
        "type": "Point",
        "coordinates": [
          492.603,
          192.895
        ]
      },
      "properties": {
        "work_id": "web:note:from-linear-phases-to-typed-relations",
        "title": "From linear phases to typed relations",
        "owner": "Web",
        "room": "writing",
        "status": "historical-publication",
        "series": "ordivon-web-notes",
        "modalities": "html",
        "carrier_count": 1,
        "evidence_level": "A",
        "source_revision": "8f5548c10b97519b47195d87f30c42665fc71083",
        "featured": false,
        "relation_degree": 0
      }
    },
    {
      "type": "Feature",
      "geometry": {
        "type": "Point",
        "coordinates": [
          593.259,
          121.006
        ]
      },
      "properties": {
        "work_id": "web:article:link-edge-boundary",
        "title": "From Link and Edge to Ordivon World",
        "owner": "Web",
        "room": "writing",
        "status": "historical-publication",
        "series": "ordivon-web-articles",
        "modalities": "text",
        "carrier_count": 1,
        "evidence_level": "A",
        "source_revision": "3eba7aae049c123c5db15c20e53d2e66d32acc14",
        "featured": false,
        "relation_degree": 0
      }
    },
    {
      "type": "Feature",
      "geometry": {
        "type": "Point",
        "coordinates": [
          485.985,
          136.931
        ]
      },
      "properties": {
        "work_id": "web:article:from-tokens-to-work",
        "title": "From Tokens To Work",
        "owner": "Web",
        "room": "writing",
        "status": "historical-publication",
        "series": "ordivon-web-articles",
        "modalities": "text",
        "carrier_count": 1,
        "evidence_level": "A",
        "source_revision": "3eba7aae049c123c5db15c20e53d2e66d32acc14",
        "featured": false,
        "relation_degree": 0
      }
    },
    {
      "type": "Feature",
      "geometry": {
        "type": "Point",
        "coordinates": [
          594.77,
          81.249
        ]
      },
      "properties": {
        "work_id": "web:article:history-did-not-prove-us-right",
        "title": "History Did Not Prove Us Right",
        "owner": "Web",
        "room": "writing",
        "status": "historical-publication",
        "series": "ordivon-web-articles",
        "modalities": "text",
        "carrier_count": 1,
        "evidence_level": "A",
        "source_revision": "3eba7aae049c123c5db15c20e53d2e66d32acc14",
        "featured": false,
        "relation_degree": 0
      }
    },
    {
      "type": "Feature",
      "geometry": {
        "type": "Point",
        "coordinates": [
          590.126,
          26.76
        ]
      },
      "properties": {
        "work_id": "web:jellyfish-tea",
        "title": "Jellyfish Tea",
        "owner": "Web",
        "room": "playable",
        "status": "historical-recovered",
        "series": null,
        "modalities": "",
        "carrier_count": 1,
        "evidence_level": "A",
        "source_revision": "24352711a6fcd8f9cff3fc5366c485dc5b8ae12b",
        "featured": false,
        "relation_degree": 0
      }
    },
    {
      "type": "Feature",
      "geometry": {
        "type": "Point",
        "coordinates": [
          402.311,
          87.732
        ]
      },
      "properties": {
        "work_id": "web:kinetic-balance",
        "title": "Kinetic Balance",
        "owner": "Web",
        "room": "playable",
        "status": "historical-recovered",
        "series": null,
        "modalities": "",
        "carrier_count": 1,
        "evidence_level": "A",
        "source_revision": "cbcc55a4ddb16054e7b55ea7fd82417a9c64a578",
        "featured": false,
        "relation_degree": 2
      }
    },
    {
      "type": "Feature",
      "geometry": {
        "type": "Point",
        "coordinates": [
          460.169,
          20.309
        ]
      },
      "properties": {
        "work_id": "web:missing-attempts",
        "title": "Missing Attempts",
        "owner": "Web",
        "room": "playable",
        "status": "historical-recovered",
        "series": null,
        "modalities": "html",
        "carrier_count": 1,
        "evidence_level": "A",
        "source_revision": "257261233e31eb896fd37943ebafaf5c331d1e94",
        "featured": false,
        "relation_degree": 0
      }
    },
    {
      "type": "Feature",
      "geometry": {
        "type": "Point",
        "coordinates": [
          423.362,
          40.191
        ]
      },
      "properties": {
        "work_id": "web:no-record-no-event",
        "title": "No Record No Event",
        "owner": "Web",
        "room": "playable",
        "status": "historical-recovered",
        "series": null,
        "modalities": "html,image",
        "carrier_count": 2,
        "evidence_level": "A",
        "source_revision": "fc50d484c5ef7b3b9dd5e75bfd4c491749179d1d",
        "featured": false,
        "relation_degree": 0
      }
    },
    {
      "type": "Feature",
      "geometry": {
        "type": "Point",
        "coordinates": [
          516.595,
          49.583
        ]
      },
      "properties": {
        "work_id": "web:article:one-authority-thirteen-tables",
        "title": "One Authority Thirteen Tables",
        "owner": "Web",
        "room": "writing",
        "status": "historical-publication",
        "series": "ordivon-web-articles",
        "modalities": "text",
        "carrier_count": 1,
        "evidence_level": "A",
        "source_revision": "5b70b967a714c73a5223c5648d8ff95cbeea4939",
        "featured": false,
        "relation_degree": 0
      }
    },
    {
      "type": "Feature",
      "geometry": {
        "type": "Point",
        "coordinates": [
          643.707,
          57.037
        ]
      },
      "properties": {
        "work_id": "web:orbit-chime",
        "title": "Orbit Chime",
        "owner": "Web",
        "room": "art-media",
        "status": "historical-recovered",
        "series": null,
        "modalities": "audio",
        "carrier_count": 1,
        "evidence_level": "A",
        "source_revision": "36bc80d2152bedebc296d4384f2d459c79c917ce",
        "featured": false,
        "relation_degree": 0
      }
    },
    {
      "type": "Feature",
      "geometry": {
        "type": "Point",
        "coordinates": [
          600.131,
          121.887
        ]
      },
      "properties": {
        "work_id": "web:article:runtime-after-core",
        "title": "Ordivon Runtime after the core",
        "owner": "Web",
        "room": "writing",
        "status": "historical-publication",
        "series": "ordivon-web-articles",
        "modalities": "text",
        "carrier_count": 1,
        "evidence_level": "A",
        "source_revision": "3eba7aae049c123c5db15c20e53d2e66d32acc14",
        "featured": false,
        "relation_degree": 0
      }
    },
    {
      "type": "Feature",
      "geometry": {
        "type": "Point",
        "coordinates": [
          567.46,
          48.793
        ]
      },
      "properties": {
        "work_id": "web:article:ordivon-runtime-release",
        "title": "Ordivon Runtime: from governance platform to durable execution",
        "owner": "Web",
        "room": "writing",
        "status": "historical-publication",
        "series": "ordivon-web-articles",
        "modalities": "text",
        "carrier_count": 1,
        "evidence_level": "A",
        "source_revision": "3eba7aae049c123c5db15c20e53d2e66d32acc14",
        "featured": false,
        "relation_degree": 0
      }
    },
    {
      "type": "Feature",
      "geometry": {
        "type": "Point",
        "coordinates": [
          454.845,
          36.966
        ]
      },
      "properties": {
        "work_id": "web:balance-field-card",
        "title": "Playful R75",
        "owner": "Web",
        "room": "art-media",
        "status": "historical-recovered",
        "series": null,
        "modalities": "html,image",
        "carrier_count": 2,
        "evidence_level": "A",
        "source_revision": "97565c3d5f44bbaafdaa2361dea993be454d4b78",
        "featured": false,
        "relation_degree": 1
      }
    },
    {
      "type": "Feature",
      "geometry": {
        "type": "Point",
        "coordinates": [
          643.803,
          52.507
        ]
      },
      "properties": {
        "work_id": "web:kinetic-balance-desk-toy",
        "title": "Playful R76",
        "owner": "Web",
        "room": "playable",
        "status": "historical-recovered",
        "series": null,
        "modalities": "",
        "carrier_count": 1,
        "evidence_level": "A",
        "source_revision": "83aa18a93c979aedf675ee1f3ae154e93aa33521",
        "featured": false,
        "relation_degree": 1
      }
    },
    {
      "type": "Feature",
      "geometry": {
        "type": "Point",
        "coordinates": [
          535.801,
          70.262
        ]
      },
      "properties": {
        "work_id": "web:afterglow-dial",
        "title": "Playful R80",
        "owner": "Web",
        "room": "playable",
        "status": "historical-recovered",
        "series": null,
        "modalities": "html",
        "carrier_count": 1,
        "evidence_level": "A",
        "source_revision": "f750c905ee11a728ed4a06a1583725bbeddb649e",
        "featured": false,
        "relation_degree": 0
      }
    },
    {
      "type": "Feature",
      "geometry": {
        "type": "Point",
        "coordinates": [
          503.656,
          183.701
        ]
      },
      "properties": {
        "work_id": "web:foreground-without-ranking",
        "title": "Playful R86",
        "owner": "Web",
        "room": "playable",
        "status": "historical-recovered",
        "series": null,
        "modalities": "html",
        "carrier_count": 1,
        "evidence_level": "A",
        "source_revision": "28c9a5da17347f6a6152274740caefd94accd161",
        "featured": false,
        "relation_degree": 0
      }
    },
    {
      "type": "Feature",
      "geometry": {
        "type": "Point",
        "coordinates": [
          418.672,
          66.999
        ]
      },
      "properties": {
        "work_id": "web:one-person-different-relations",
        "title": "Playful R94",
        "owner": "Web",
        "room": "playable",
        "status": "historical-recovered",
        "series": null,
        "modalities": "html",
        "carrier_count": 1,
        "evidence_level": "A",
        "source_revision": "7fa6e8176cbf56f17f0b57ea7aea789a4ced95b8",
        "featured": false,
        "relation_degree": 0
      }
    },
    {
      "type": "Feature",
      "geometry": {
        "type": "Point",
        "coordinates": [
          519.3,
          38.232
        ]
      },
      "properties": {
        "work_id": "web:article:replay-without-second-truth-store",
        "title": "Replay Without Second Truth Store",
        "owner": "Web",
        "room": "writing",
        "status": "historical-publication",
        "series": "ordivon-web-articles",
        "modalities": "text",
        "carrier_count": 1,
        "evidence_level": "A",
        "source_revision": "5b70b967a714c73a5223c5648d8ff95cbeea4939",
        "featured": false,
        "relation_degree": 0
      }
    },
    {
      "type": "Feature",
      "geometry": {
        "type": "Point",
        "coordinates": [
          496.436,
          202.499
        ]
      },
      "properties": {
        "work_id": "web:note:semantic-core-after-measurement",
        "title": "Semantic Core: what remained after measurement",
        "owner": "Web",
        "room": "writing",
        "status": "historical-publication",
        "series": "ordivon-web-notes",
        "modalities": "html",
        "carrier_count": 1,
        "evidence_level": "A",
        "source_revision": "8f5548c10b97519b47195d87f30c42665fc71083",
        "featured": false,
        "relation_degree": 0
      }
    },
    {
      "type": "Feature",
      "geometry": {
        "type": "Point",
        "coordinates": [
          402.849,
          60.87
        ]
      },
      "properties": {
        "work_id": "web:signal-garden-sketch",
        "title": "Signal Garden",
        "owner": "Web",
        "room": "playable",
        "status": "historical-recovered",
        "series": null,
        "modalities": "html",
        "carrier_count": 1,
        "evidence_level": "A",
        "source_revision": "8ccaef17a1513759dfa97a8b8ca0d82dece61932",
        "featured": false,
        "relation_degree": 1
      }
    },
    {
      "type": "Feature",
      "geometry": {
        "type": "Point",
        "coordinates": [
          612.445,
          92.889
        ]
      },
      "properties": {
        "work_id": "web:article:smaller-core-strong-baselines",
        "title": "Smaller Core Strong Baselines",
        "owner": "Web",
        "room": "writing",
        "status": "historical-publication",
        "series": "ordivon-web-articles",
        "modalities": "text",
        "carrier_count": 1,
        "evidence_level": "A",
        "source_revision": "3eba7aae049c123c5db15c20e53d2e66d32acc14",
        "featured": false,
        "relation_degree": 0
      }
    },
    {
      "type": "Feature",
      "geometry": {
        "type": "Point",
        "coordinates": [
          445.554,
          97.565
        ]
      },
      "properties": {
        "work_id": "web:article:station-zero-alpha-1",
        "title": "Station Zero Alpha 1",
        "owner": "Web",
        "room": "writing",
        "status": "historical-publication",
        "series": "ordivon-web-articles",
        "modalities": "text",
        "carrier_count": 1,
        "evidence_level": "A",
        "source_revision": "5b70b967a714c73a5223c5648d8ff95cbeea4939",
        "featured": false,
        "relation_degree": 1
      }
    },
    {
      "type": "Feature",
      "geometry": {
        "type": "Point",
        "coordinates": [
          578.389,
          147.951
        ]
      },
      "properties": {
        "work_id": "web:article:the-agent-asked-for-more-evidence-the-answer-became-no",
        "title": "The Agent Asked For More Evidence The Answer Became No",
        "owner": "Web",
        "room": "writing",
        "status": "historical-publication",
        "series": "ordivon-web-articles",
        "modalities": "text",
        "carrier_count": 1,
        "evidence_level": "A",
        "source_revision": "3eba7aae049c123c5db15c20e53d2e66d32acc14",
        "featured": false,
        "relation_degree": 0
      }
    },
    {
      "type": "Feature",
      "geometry": {
        "type": "Point",
        "coordinates": [
          628.912,
          165.921
        ]
      },
      "properties": {
        "work_id": "web:note:agent-effect-commit-kernel",
        "title": "The Agent Effect Commit Kernel",
        "owner": "Web",
        "room": "writing",
        "status": "historical-publication",
        "series": "ordivon-web-notes",
        "modalities": "html",
        "carrier_count": 1,
        "evidence_level": "A",
        "source_revision": "8f5548c10b97519b47195d87f30c42665fc71083",
        "featured": false,
        "relation_degree": 0
      }
    },
    {
      "type": "Feature",
      "geometry": {
        "type": "Point",
        "coordinates": [
          622.374,
          110.984
        ]
      },
      "properties": {
        "work_id": "web:article:the-agent-knew-the-goal-it-still-wouldnt-do-it",
        "title": "The Agent Knew The Goal It Still Wouldnt Do It",
        "owner": "Web",
        "room": "writing",
        "status": "historical-publication",
        "series": "ordivon-web-articles",
        "modalities": "text",
        "carrier_count": 1,
        "evidence_level": "A",
        "source_revision": "3eba7aae049c123c5db15c20e53d2e66d32acc14",
        "featured": false,
        "relation_degree": 0
      }
    },
    {
      "type": "Feature",
      "geometry": {
        "type": "Point",
        "coordinates": [
          521.322,
          30.6
        ]
      },
      "properties": {
        "work_id": "web:article:the-command-succeeded-did-anything-happen",
        "title": "The Command Succeeded Did Anything Happen",
        "owner": "Web",
        "room": "writing",
        "status": "historical-publication",
        "series": "ordivon-web-articles",
        "modalities": "text",
        "carrier_count": 1,
        "evidence_level": "A",
        "source_revision": "00c5334f835e3066d3f196ef4e67f4cc45372013",
        "featured": false,
        "relation_degree": 0
      }
    },
    {
      "type": "Feature",
      "geometry": {
        "type": "Point",
        "coordinates": [
          519.764,
          29.617
        ]
      },
      "properties": {
        "work_id": "web:article:the-constitution-changed-the-agent-that-wasnt-enough",
        "title": "The Constitution Changed The Agent That Wasnt Enough",
        "owner": "Web",
        "room": "writing",
        "status": "historical-publication",
        "series": "ordivon-web-articles",
        "modalities": "text",
        "carrier_count": 1,
        "evidence_level": "A",
        "source_revision": "3eba7aae049c123c5db15c20e53d2e66d32acc14",
        "featured": false,
        "relation_degree": 0
      }
    },
    {
      "type": "Feature",
      "geometry": {
        "type": "Point",
        "coordinates": [
          610.385,
          76.685
        ]
      },
      "properties": {
        "work_id": "web:article:the-decision-was-valid-the-portfolio-changed",
        "title": "The Decision Was Valid The Portfolio Changed",
        "owner": "Web",
        "room": "writing",
        "status": "historical-publication",
        "series": "ordivon-web-articles",
        "modalities": "text",
        "carrier_count": 1,
        "evidence_level": "A",
        "source_revision": "de6679d3e99d2d70344b0dafcf5a1ed7d4a56ff1",
        "featured": false,
        "relation_degree": 0
      }
    },
    {
      "type": "Feature",
      "geometry": {
        "type": "Point",
        "coordinates": [
          480.737,
          35.995
        ]
      },
      "properties": {
        "work_id": "web:article:the-evidence-is-real-it-is-still-too-old",
        "title": "The Evidence Is Real It Is Still Too Old",
        "owner": "Web",
        "room": "writing",
        "status": "historical-publication",
        "series": "ordivon-web-articles",
        "modalities": "text",
        "carrier_count": 1,
        "evidence_level": "A",
        "source_revision": "00c5334f835e3066d3f196ef4e67f4cc45372013",
        "featured": false,
        "relation_degree": 0
      }
    },
    {
      "type": "Feature",
      "geometry": {
        "type": "Point",
        "coordinates": [
          454.547,
          150.903
        ]
      },
      "properties": {
        "work_id": "web:article:the-future-will-not-wait",
        "title": "The Future Will Not Wait",
        "owner": "Web",
        "room": "writing",
        "status": "historical-publication",
        "series": "ordivon-web-articles",
        "modalities": "text",
        "carrier_count": 1,
        "evidence_level": "A",
        "source_revision": "3eba7aae049c123c5db15c20e53d2e66d32acc14",
        "featured": false,
        "relation_degree": 0
      }
    },
    {
      "type": "Feature",
      "geometry": {
        "type": "Point",
        "coordinates": [
          475.883,
          157.544
        ]
      },
      "properties": {
        "work_id": "web:article:the-model-finished-the-protocol-wasnt-done",
        "title": "The Model Finished The Protocol Wasnt Done",
        "owner": "Web",
        "room": "writing",
        "status": "historical-publication",
        "series": "ordivon-web-articles",
        "modalities": "text",
        "carrier_count": 1,
        "evidence_level": "A",
        "source_revision": "3eba7aae049c123c5db15c20e53d2e66d32acc14",
        "featured": false,
        "relation_degree": 0
      }
    },
    {
      "type": "Feature",
      "geometry": {
        "type": "Point",
        "coordinates": [
          625.701,
          175.774
        ]
      },
      "properties": {
        "work_id": "web:the-office-is-thinking",
        "title": "The Office Is Thinking",
        "owner": "Web",
        "room": "art-media",
        "status": "historical-recovered",
        "series": null,
        "modalities": "text",
        "carrier_count": 1,
        "evidence_level": "A",
        "source_revision": "cbcc55a4ddb16054e7b55ea7fd82417a9c64a578",
        "featured": false,
        "relation_degree": 1
      }
    },
    {
      "type": "Feature",
      "geometry": {
        "type": "Point",
        "coordinates": [
          483.835,
          36.26
        ]
      },
      "properties": {
        "work_id": "web:article:the-patterns-recurred-our-taxonomy-got-worse",
        "title": "The Patterns Recurred Our Taxonomy Got Worse",
        "owner": "Web",
        "room": "writing",
        "status": "historical-publication",
        "series": "ordivon-web-articles",
        "modalities": "text",
        "carrier_count": 1,
        "evidence_level": "A",
        "source_revision": "3eba7aae049c123c5db15c20e53d2e66d32acc14",
        "featured": false,
        "relation_degree": 0
      }
    },
    {
      "type": "Feature",
      "geometry": {
        "type": "Point",
        "coordinates": [
          554.505,
          33.846
        ]
      },
      "properties": {
        "work_id": "web:article:the-shorter-explanation-won",
        "title": "The Shorter Explanation Won",
        "owner": "Web",
        "room": "writing",
        "status": "historical-publication",
        "series": "ordivon-web-articles",
        "modalities": "text",
        "carrier_count": 1,
        "evidence_level": "A",
        "source_revision": "3eba7aae049c123c5db15c20e53d2e66d32acc14",
        "featured": false,
        "relation_degree": 0
      }
    },
    {
      "type": "Feature",
      "geometry": {
        "type": "Point",
        "coordinates": [
          503.028,
          29.209
        ]
      },
      "properties": {
        "work_id": "web:article:thin-host-without-hidden-planner",
        "title": "Thin Host Without Hidden Planner",
        "owner": "Web",
        "room": "writing",
        "status": "historical-publication",
        "series": "ordivon-web-articles",
        "modalities": "text",
        "carrier_count": 1,
        "evidence_level": "A",
        "source_revision": "3eba7aae049c123c5db15c20e53d2e66d32acc14",
        "featured": false,
        "relation_degree": 0
      }
    },
    {
      "type": "Feature",
      "geometry": {
        "type": "Point",
        "coordinates": [
          571.604,
          28.895
        ]
      },
      "properties": {
        "work_id": "web:article:transcript-not-task-database",
        "title": "Transcript Not Task Database",
        "owner": "Web",
        "room": "writing",
        "status": "historical-publication",
        "series": "ordivon-web-articles",
        "modalities": "text",
        "carrier_count": 1,
        "evidence_level": "A",
        "source_revision": "5b70b967a714c73a5223c5648d8ff95cbeea4939",
        "featured": false,
        "relation_degree": 0
      }
    },
    {
      "type": "Feature",
      "geometry": {
        "type": "Point",
        "coordinates": [
          467.415,
          183.02
        ]
      },
      "properties": {
        "work_id": "web:unknown-is-a-state",
        "title": "Unknown Is a State",
        "owner": "Web",
        "room": "playable",
        "status": "historical-recovered",
        "series": null,
        "modalities": "html",
        "carrier_count": 1,
        "evidence_level": "A",
        "source_revision": "cbcc55a4ddb16054e7b55ea7fd82417a9c64a578",
        "featured": false,
        "relation_degree": 0
      }
    },
    {
      "type": "Feature",
      "geometry": {
        "type": "Point",
        "coordinates": [
          572.633,
          172.306
        ]
      },
      "properties": {
        "work_id": "web:article:unknown-is-operational-state",
        "title": "Unknown Is Operational State",
        "owner": "Web",
        "room": "writing",
        "status": "historical-publication",
        "series": "ordivon-web-articles",
        "modalities": "text",
        "carrier_count": 1,
        "evidence_level": "A",
        "source_revision": "5b70b967a714c73a5223c5648d8ff95cbeea4939",
        "featured": false,
        "relation_degree": 0
      }
    },
    {
      "type": "Feature",
      "geometry": {
        "type": "Point",
        "coordinates": [
          543.767,
          26.225
        ]
      },
      "properties": {
        "work_id": "web:article:we-cut-203-observations-to-8-and-still-didnt-edit",
        "title": "We Cut 203 Observations To 8 And Still Didnt Edit",
        "owner": "Web",
        "room": "writing",
        "status": "historical-publication",
        "series": "ordivon-web-articles",
        "modalities": "text",
        "carrier_count": 1,
        "evidence_level": "A",
        "source_revision": "3eba7aae049c123c5db15c20e53d2e66d32acc14",
        "featured": false,
        "relation_degree": 0
      }
    },
    {
      "type": "Feature",
      "geometry": {
        "type": "Point",
        "coordinates": [
          434.687,
          110.359
        ]
      },
      "properties": {
        "work_id": "web:article:we-deleted-16-8-gb-not-because-it-was-old",
        "title": "We Deleted 16 8 Gb Not Because It Was Old",
        "owner": "Web",
        "room": "writing",
        "status": "historical-publication",
        "series": "ordivon-web-articles",
        "modalities": "text",
        "carrier_count": 1,
        "evidence_level": "A",
        "source_revision": "3eba7aae049c123c5db15c20e53d2e66d32acc14",
        "featured": false,
        "relation_degree": 0
      }
    },
    {
      "type": "Feature",
      "geometry": {
        "type": "Point",
        "coordinates": [
          507.101,
          184.817
        ]
      },
      "properties": {
        "work_id": "web:article:we-sorted-the-evidence-accuracy-got-worse",
        "title": "We Sorted The Evidence Accuracy Got Worse",
        "owner": "Web",
        "room": "writing",
        "status": "historical-publication",
        "series": "ordivon-web-articles",
        "modalities": "text",
        "carrier_count": 1,
        "evidence_level": "A",
        "source_revision": "3eba7aae049c123c5db15c20e53d2e66d32acc14",
        "featured": false,
        "relation_degree": 0
      }
    },
    {
      "type": "Feature",
      "geometry": {
        "type": "Point",
        "coordinates": [
          636.607,
          83.156
        ]
      },
      "properties": {
        "work_id": "web:article:what-h1-h5-proved",
        "title": "What H1 H5 Proved",
        "owner": "Web",
        "room": "writing",
        "status": "historical-publication",
        "series": "ordivon-web-articles",
        "modalities": "text",
        "carrier_count": 1,
        "evidence_level": "A",
        "source_revision": "3eba7aae049c123c5db15c20e53d2e66d32acc14",
        "featured": false,
        "relation_degree": 0
      }
    },
    {
      "type": "Feature",
      "geometry": {
        "type": "Point",
        "coordinates": [
          492.88,
          183.511
        ]
      },
      "properties": {
        "work_id": "web:article:why-ordivon",
        "title": "Why Ordivon matters in the AI era",
        "owner": "Web",
        "room": "writing",
        "status": "historical-publication",
        "series": "ordivon-web-articles",
        "modalities": "text",
        "carrier_count": 1,
        "evidence_level": "A",
        "source_revision": "a845a5840d4a8e083759cd83483e668bbc596c6e",
        "featured": false,
        "relation_degree": 0
      }
    },
    {
      "type": "Feature",
      "geometry": {
        "type": "Point",
        "coordinates": [
          439.589,
          53.975
        ]
      },
      "properties": {
        "work_id": "web:article:why-ordivon-needs-a-harness",
        "title": "Why Ordivon Needs A Harness",
        "owner": "Web",
        "room": "writing",
        "status": "historical-publication",
        "series": "ordivon-web-articles",
        "modalities": "text",
        "carrier_count": 1,
        "evidence_level": "A",
        "source_revision": "3eba7aae049c123c5db15c20e53d2e66d32acc14",
        "featured": false,
        "relation_degree": 0
      }
    },
    {
      "type": "Feature",
      "geometry": {
        "type": "Point",
        "coordinates": [
          588.816,
          134.63
        ]
      },
      "properties": {
        "work_id": "web:article:host-task-continuity",
        "title": "Why Task continuity belongs above execution",
        "owner": "Web",
        "room": "writing",
        "status": "historical-publication",
        "series": "ordivon-web-articles",
        "modalities": "text",
        "carrier_count": 1,
        "evidence_level": "A",
        "source_revision": "3eba7aae049c123c5db15c20e53d2e66d32acc14",
        "featured": false,
        "relation_degree": 0
      }
    },
    {
      "type": "Feature",
      "geometry": {
        "type": "Point",
        "coordinates": [
          534.677,
          183.629
        ]
      },
      "properties": {
        "work_id": "web:article:winning-move-loses-contest",
        "title": "Winning Move Loses Contest",
        "owner": "Web",
        "room": "writing",
        "status": "historical-publication",
        "series": "ordivon-web-articles",
        "modalities": "text",
        "carrier_count": 1,
        "evidence_level": "A",
        "source_revision": "00c5334f835e3066d3f196ef4e67f4cc45372013",
        "featured": false,
        "relation_degree": 0
      }
    },
    {
      "type": "Feature",
      "geometry": {
        "type": "Point",
        "coordinates": [
          610.66,
          154.264
        ]
      },
      "properties": {
        "work_id": "web:article:world-got-smaller-and-got-clearer",
        "title": "World Got Smaller And Got Clearer",
        "owner": "Web",
        "room": "writing",
        "status": "historical-publication",
        "series": "ordivon-web-articles",
        "modalities": "text",
        "carrier_count": 1,
        "evidence_level": "A",
        "source_revision": "3eba7aae049c123c5db15c20e53d2e66d32acc14",
        "featured": false,
        "relation_degree": 0
      }
    },
    {
      "type": "Feature",
      "geometry": {
        "type": "Point",
        "coordinates": [
          154.501,
          -311.468
        ]
      },
      "properties": {
        "work_id": "workstation:abbe-rail",
        "title": "Abbe Rail",
        "owner": "Workstation",
        "room": "science-objects",
        "status": "digital-preparation",
        "series": "metrology-frame",
        "modalities": "cad,image,text",
        "carrier_count": 15,
        "evidence_level": "A",
        "source_revision": "3d4855267fb8d041165567f2ce68dc4207073dfe",
        "featured": false,
        "relation_degree": 0
      }
    },
    {
      "type": "Feature",
      "geometry": {
        "type": "Point",
        "coordinates": [
          152.416,
          -325.818
        ]
      },
      "properties": {
        "work_id": "workstation:arc-reference-card",
        "title": "Arc Reference Card",
        "owner": "Workstation",
        "room": "science-objects",
        "status": "digital-preparation",
        "series": null,
        "modalities": "cad,image,text",
        "carrier_count": 22,
        "evidence_level": "A",
        "source_revision": "bb3f00c0d9395f0f7e3f0a1314e1800499c3a781",
        "featured": false,
        "relation_degree": 0
      }
    },
    {
      "type": "Feature",
      "geometry": {
        "type": "Point",
        "coordinates": [
          226.302,
          -336.744
        ]
      },
      "properties": {
        "work_id": "workstation:braid-equivalence-card-v0",
        "title": "Braid Equivalence Card",
        "owner": "Workstation",
        "room": null,
        "status": "source-fenced-cabinet",
        "series": null,
        "modalities": "image",
        "carrier_count": 1,
        "evidence_level": "A",
        "source_revision": "2ef6511471495752b8ed1d38d782768b6afaf3e5",
        "featured": false,
        "relation_degree": 0
      }
    },
    {
      "type": "Feature",
      "geometry": {
        "type": "Point",
        "coordinates": [
          242.256,
          -315.907
        ]
      },
      "properties": {
        "work_id": "workstation:brewster-detector-headroom-gate",
        "title": "Brewster Detector Headroom Gate",
        "owner": "Workstation",
        "room": "science-objects",
        "status": "historical-recovered",
        "series": null,
        "modalities": "eda,image,text",
        "carrier_count": 13,
        "evidence_level": "A",
        "source_revision": "928b092bb9f5dcfdbb3b6cc63951ca47eb51d572",
        "featured": false,
        "relation_degree": 2
      }
    },
    {
      "type": "Feature",
      "geometry": {
        "type": "Point",
        "coordinates": [
          142.673,
          -269.088
        ]
      },
      "properties": {
        "work_id": "workstation:brewster-lockin-headroom-gate",
        "title": "Brewster Lockin Headroom Gate",
        "owner": "Workstation",
        "room": "science-objects",
        "status": "historical-recovered",
        "series": null,
        "modalities": "image,text",
        "carrier_count": 13,
        "evidence_level": "A",
        "source_revision": "4d44c2c720f194e00bcaf3b8c19a5bb6e6b8d49f",
        "featured": false,
        "relation_degree": 1
      }
    },
    {
      "type": "Feature",
      "geometry": {
        "type": "Point",
        "coordinates": [
          168.22,
          -255.636
        ]
      },
      "properties": {
        "work_id": "workstation:brewster-lockin-observer-protocol",
        "title": "Brewster Lockin Observer Protocol",
        "owner": "Workstation",
        "room": "science-objects",
        "status": "historical-recovered",
        "series": null,
        "modalities": "image,text",
        "carrier_count": 14,
        "evidence_level": "A",
        "source_revision": "6bfef3dd5c8f4dec4014b3723a2f7e010f53649b",
        "featured": false,
        "relation_degree": 4
      }
    },
    {
      "type": "Feature",
      "geometry": {
        "type": "Point",
        "coordinates": [
          180.596,
          -244.502
        ]
      },
      "properties": {
        "work_id": "workstation:brewster-null",
        "title": "Brewster Null",
        "owner": "Workstation",
        "room": "science-objects",
        "status": "digital-preparation",
        "series": null,
        "modalities": "image,text",
        "carrier_count": 11,
        "evidence_level": "A",
        "source_revision": "9ace77649a65aee6c15534579659a5bbeedaff77",
        "featured": true,
        "relation_degree": 1
      }
    },
    {
      "type": "Feature",
      "geometry": {
        "type": "Point",
        "coordinates": [
          239.739,
          -266.669
        ]
      },
      "properties": {
        "work_id": "workstation:buckling-reed",
        "title": "Buckling Reed",
        "owner": "Workstation",
        "room": "science-objects",
        "status": "frozen-digital",
        "series": null,
        "modalities": "image,text",
        "carrier_count": 10,
        "evidence_level": "A",
        "source_revision": "5fdf25c084d37116a8f5661fcb26db212f279e95",
        "featured": false,
        "relation_degree": 0
      }
    },
    {
      "type": "Feature",
      "geometry": {
        "type": "Point",
        "coordinates": [
          136.897,
          -336.691
        ]
      },
      "properties": {
        "work_id": "workstation:capillary-pressure-sign-pair",
        "title": "Capillary Pressure Sign Pair",
        "owner": "Workstation",
        "room": "science-objects",
        "status": "digital-preparation",
        "series": null,
        "modalities": "cad,image,text",
        "carrier_count": 15,
        "evidence_level": "A",
        "source_revision": "bc2bde1afcadb805a9290cfbf5144ef7026b0964",
        "featured": false,
        "relation_degree": 0
      }
    },
    {
      "type": "Feature",
      "geometry": {
        "type": "Point",
        "coordinates": [
          124.963,
          -273.065
        ]
      },
      "properties": {
        "work_id": "workstation:clearance-ladder",
        "title": "Clearance Ladder",
        "owner": "Workstation",
        "room": "science-objects",
        "status": "digital-preparation",
        "series": null,
        "modalities": "eda,image,text",
        "carrier_count": 21,
        "evidence_level": "A",
        "source_revision": "dff3ba43a13a4db7cadb37c1a3ba9e63071e2e09",
        "featured": false,
        "relation_degree": 0
      }
    },
    {
      "type": "Feature",
      "geometry": {
        "type": "Point",
        "coordinates": [
          125.824,
          -324.448
        ]
      },
      "properties": {
        "work_id": "workstation:conditioned-nest",
        "title": "Conditioned Nest",
        "owner": "Workstation",
        "room": "science-objects",
        "status": "digital-preparation",
        "series": "nest",
        "modalities": "cad,image,text",
        "carrier_count": 16,
        "evidence_level": "A",
        "source_revision": "cdff3c2d7e7fe979c984b9676b6598d8b476409a",
        "featured": false,
        "relation_degree": 0
      }
    },
    {
      "type": "Feature",
      "geometry": {
        "type": "Point",
        "coordinates": [
          241.328,
          -351.729
        ]
      },
      "properties": {
        "work_id": "workstation:cosine-rail",
        "title": "Cosine Rail",
        "owner": "Workstation",
        "room": "science-objects",
        "status": "digital-preparation",
        "series": "metrology-frame",
        "modalities": "cad,image,text",
        "carrier_count": 14,
        "evidence_level": "A",
        "source_revision": "0c090d56afd26eec3eb59f77c5d5a5ec1715c6fd",
        "featured": false,
        "relation_degree": 0
      }
    },
    {
      "type": "Feature",
      "geometry": {
        "type": "Point",
        "coordinates": [
          147.818,
          -355.325
        ]
      },
      "properties": {
        "work_id": "workstation:driven-guard",
        "title": "Driven Guard",
        "owner": "Workstation",
        "room": "science-objects",
        "status": "historical-recovered",
        "series": null,
        "modalities": "eda,image,text",
        "carrier_count": 13,
        "evidence_level": "A",
        "source_revision": "7bbc0137378659e3d82320456efbc1682c112b81",
        "featured": false,
        "relation_degree": 1
      }
    },
    {
      "type": "Feature",
      "geometry": {
        "type": "Point",
        "coordinates": [
          215.286,
          -237.802
        ]
      },
      "properties": {
        "work_id": "workstation:dual-shadow-solid",
        "title": "Dual Shadow Solid",
        "owner": "Workstation",
        "room": "science-objects",
        "status": "frozen-digital",
        "series": null,
        "modalities": "cad,image,text",
        "carrier_count": 18,
        "evidence_level": "A",
        "source_revision": "6bcf069a60fb74d62913561c628261c3caf37a33",
        "featured": false,
        "relation_degree": 0
      }
    },
    {
      "type": "Feature",
      "geometry": {
        "type": "Point",
        "coordinates": [
          257.315,
          -255.578
        ]
      },
      "properties": {
        "work_id": "workstation:feedback-loom-analog-ring",
        "title": "Feedback Loom Analog Ring",
        "owner": "Workstation",
        "room": "science-objects",
        "status": "historical-recovered",
        "series": null,
        "modalities": "eda,image,text",
        "carrier_count": 17,
        "evidence_level": "A",
        "source_revision": "b7fe6a988a1166184a796150d878c227d23fec3e",
        "featured": false,
        "relation_degree": 1
      }
    },
    {
      "type": "Feature",
      "geometry": {
        "type": "Point",
        "coordinates": [
          260.101,
          -272.906
        ]
      },
      "properties": {
        "work_id": "workstation:hallway-allocation-card",
        "title": "Hallway Allocation Card",
        "owner": "Workstation",
        "room": "science-objects",
        "status": "historical-recovered",
        "series": null,
        "modalities": "image,text",
        "carrier_count": 13,
        "evidence_level": "A",
        "source_revision": "d477004254396e32b57521936ea87fc523df3ef9",
        "featured": false,
        "relation_degree": 0
      }
    },
    {
      "type": "Feature",
      "geometry": {
        "type": "Point",
        "coordinates": [
          112.051,
          -305.475
        ]
      },
      "properties": {
        "work_id": "workstation:headroom-noise-gain-time-envelope",
        "title": "Headroom Noise Gain Time Envelope",
        "owner": "Workstation",
        "room": "science-objects",
        "status": "historical-recovered",
        "series": null,
        "modalities": "image,text",
        "carrier_count": 14,
        "evidence_level": "A",
        "source_revision": "027d4a6ac7d87ac86e51b8b11b329e0651115f5f",
        "featured": false,
        "relation_degree": 2
      }
    },
    {
      "type": "Feature",
      "geometry": {
        "type": "Point",
        "coordinates": [
          197.245,
          -369.887
        ]
      },
      "properties": {
        "work_id": "workstation:helmholtz-cavity-pair",
        "title": "Helmholtz Cavity Pair",
        "owner": "Workstation",
        "room": "science-objects",
        "status": "digital-preparation",
        "series": null,
        "modalities": "cad,image,text",
        "carrier_count": 19,
        "evidence_level": "A",
        "source_revision": "1fb88e1ca0ba9bc153d5878022a56ff2050e3220",
        "featured": false,
        "relation_degree": 0
      }
    },
    {
      "type": "Feature",
      "geometry": {
        "type": "Point",
        "coordinates": [
          124.438,
          -352.991
        ]
      },
      "properties": {
        "work_id": "workstation:holonomy-triangle",
        "title": "Holonomy Triangle",
        "owner": "Workstation",
        "room": "science-objects",
        "status": "frozen-digital",
        "series": null,
        "modalities": "image,text",
        "carrier_count": 15,
        "evidence_level": "A",
        "source_revision": "ba2491519be26af08c5478bad314ccdc86aba3d9",
        "featured": false,
        "relation_degree": 0
      }
    },
    {
      "type": "Feature",
      "geometry": {
        "type": "Point",
        "coordinates": [
          120.21,
          -261.31
        ]
      },
      "properties": {
        "work_id": "workstation:intervention-twin",
        "title": "Intervention Twin",
        "owner": "Workstation",
        "room": "science-objects",
        "status": "historical-recovered",
        "series": null,
        "modalities": "image,text",
        "carrier_count": 14,
        "evidence_level": "A",
        "source_revision": "c4ebcd050c5d486eaba9723f8ba8dedd54e3578e",
        "featured": false,
        "relation_degree": 0
      }
    },
    {
      "type": "Feature",
      "geometry": {
        "type": "Point",
        "coordinates": [
          140.321,
          -356.27
        ]
      },
      "properties": {
        "work_id": "workstation:kelvin-abba-drift-card",
        "title": "Kelvin ABBA Drift Card",
        "owner": "Workstation",
        "room": "science-objects",
        "status": "frozen-digital",
        "series": "reversal-metrology",
        "modalities": "image,text",
        "carrier_count": 11,
        "evidence_level": "A",
        "source_revision": "dba50ca15242f000e3d4495e3ead6ada499666bc",
        "featured": false,
        "relation_degree": 0
      }
    },
    {
      "type": "Feature",
      "geometry": {
        "type": "Point",
        "coordinates": [
          267.916,
          -255.856
        ]
      },
      "properties": {
        "work_id": "workstation:kelvin-four-wire",
        "title": "Kelvin Four Wire",
        "owner": "Workstation",
        "room": "science-objects",
        "status": "historical-recovered",
        "series": null,
        "modalities": "eda,image,text",
        "carrier_count": 14,
        "evidence_level": "A",
        "source_revision": "504e3a729b6c19a2eb149682c3e71bb5289f1aad",
        "featured": false,
        "relation_degree": 1
      }
    },
    {
      "type": "Feature",
      "geometry": {
        "type": "Point",
        "coordinates": [
          88.544,
          -290.705
        ]
      },
      "properties": {
        "work_id": "workstation:kelvin-reversal-coupon",
        "title": "Kelvin Reversal Coupon",
        "owner": "Workstation",
        "room": "science-objects",
        "status": "digital-preparation",
        "series": "reversal-metrology",
        "modalities": "eda,image,text",
        "carrier_count": 23,
        "evidence_level": "A",
        "source_revision": "dcb6f1e32d8231fe705a17308832164c955b2a90",
        "featured": false,
        "relation_degree": 0
      }
    },
    {
      "type": "Feature",
      "geometry": {
        "type": "Point",
        "coordinates": [
          102.176,
          -296.678
        ]
      },
      "properties": {
        "work_id": "workstation:living-field-numerical-fossil",
        "title": "Living Field Numerical Fossil",
        "owner": "Workstation",
        "room": "science-objects",
        "status": "historical-recovered",
        "series": null,
        "modalities": "cad,eda,image,text",
        "carrier_count": 62,
        "evidence_level": "A",
        "source_revision": "dc44f797015e123521fbd2870c13d2f319d84a8d",
        "featured": false,
        "relation_degree": 1
      }
    },
    {
      "type": "Feature",
      "geometry": {
        "type": "Point",
        "coordinates": [
          278.829,
          -275.352
        ]
      },
      "properties": {
        "work_id": "workstation:load-path-fuse",
        "title": "Load Path Fuse",
        "owner": "Workstation",
        "room": "science-objects",
        "status": "frozen-digital",
        "series": null,
        "modalities": "image,text,video",
        "carrier_count": 15,
        "evidence_level": "A",
        "source_revision": "06ff4de15e6780dd6358becd15013e4f03113e36",
        "featured": false,
        "relation_degree": 0
      }
    },
    {
      "type": "Feature",
      "geometry": {
        "type": "Point",
        "coordinates": [
          99.95,
          -316.291
        ]
      },
      "properties": {
        "work_id": "workstation:lock-in-noise-clock",
        "title": "Lock In Noise Clock",
        "owner": "Workstation",
        "room": "science-objects",
        "status": "historical-recovered",
        "series": null,
        "modalities": "image,text",
        "carrier_count": 13,
        "evidence_level": "A",
        "source_revision": "15298189ecadb0792686d4942e7f27e751818596",
        "featured": false,
        "relation_degree": 2
      }
    },
    {
      "type": "Feature",
      "geometry": {
        "type": "Point",
        "coordinates": [
          246.625,
          -241.916
        ]
      },
      "properties": {
        "work_id": "workstation:lock-in-lantern",
        "title": "Lock-in Lantern",
        "owner": "Workstation",
        "room": "science-objects",
        "status": "historical-recovered",
        "series": null,
        "modalities": "image,text",
        "carrier_count": 12,
        "evidence_level": "A",
        "source_revision": "3f9d7f1419497e75eb5b87849b93b3b84b3df3d1",
        "featured": false,
        "relation_degree": 2
      }
    },
    {
      "type": "Feature",
      "geometry": {
        "type": "Point",
        "coordinates": [
          151.055,
          -230.207
        ]
      },
      "properties": {
        "work_id": "workstation:marginal-fiber-atlas",
        "title": "Marginal Fiber Atlas",
        "owner": "Workstation",
        "room": "science-objects",
        "status": "frozen-digital",
        "series": "observer",
        "modalities": "image,text",
        "carrier_count": 32,
        "evidence_level": "A",
        "source_revision": "8b40600283b557398c9b210d9812c9b463fe7348",
        "featured": false,
        "relation_degree": 0
      }
    },
    {
      "type": "Feature",
      "geometry": {
        "type": "Point",
        "coordinates": [
          129.48,
          -355.553
        ]
      },
      "properties": {
        "work_id": "workstation:marginal-twins",
        "title": "Marginal Twins",
        "owner": "Workstation",
        "room": "science-objects",
        "status": "historical-recovered",
        "series": null,
        "modalities": "image,text",
        "carrier_count": 13,
        "evidence_level": "A",
        "source_revision": "4dc428ba59033a4a0e23981dd8cbc5f168e4788f",
        "featured": false,
        "relation_degree": 0
      }
    },
    {
      "type": "Feature",
      "geometry": {
        "type": "Point",
        "coordinates": [
          263.859,
          -251.624
        ]
      },
      "properties": {
        "work_id": "workstation:maxwell-reciprocity-frame",
        "title": "Maxwell Reciprocity Frame",
        "owner": "Workstation",
        "room": "science-objects",
        "status": "digital-preparation",
        "series": null,
        "modalities": "cad,image,text",
        "carrier_count": 16,
        "evidence_level": "A",
        "source_revision": "bca8b69ef7e83409c2cfa39d04e11add5c8aad51",
        "featured": false,
        "relation_degree": 0
      }
    },
    {
      "type": "Feature",
      "geometry": {
        "type": "Point",
        "coordinates": [
          92.726,
          -294.05
        ]
      },
      "properties": {
        "work_id": "workstation:measured-pair",
        "title": "Measured Pair",
        "owner": "Workstation",
        "room": "science-objects",
        "status": "historical-recovered",
        "series": null,
        "modalities": "eda,image,text",
        "carrier_count": 13,
        "evidence_level": "A",
        "source_revision": "deb90b418bc9f40118a76ffc919b59c873b2cfee",
        "featured": false,
        "relation_degree": 1
      }
    },
    {
      "type": "Feature",
      "geometry": {
        "type": "Point",
        "coordinates": [
          217.939,
          -222.971
        ]
      },
      "properties": {
        "work_id": "workstation:measurement-front-end-protocol",
        "title": "Measurement Front End Protocol",
        "owner": "Workstation",
        "room": "science-objects",
        "status": "historical-recovered",
        "series": null,
        "modalities": "text",
        "carrier_count": 5,
        "evidence_level": "A",
        "source_revision": "cdf1f933f5a1cf3192c91da1d62773827e7e3831",
        "featured": false,
        "relation_degree": 3
      }
    },
    {
      "type": "Feature",
      "geometry": {
        "type": "Point",
        "coordinates": [
          86.721,
          -261.281
        ]
      },
      "properties": {
        "work_id": "workstation:memory-weave",
        "title": "Memory Weave",
        "owner": "Workstation",
        "room": "science-objects",
        "status": "historical-recovered",
        "series": null,
        "modalities": "image,text",
        "carrier_count": 15,
        "evidence_level": "A",
        "source_revision": "e2779342ee0f66545d9393f3bf459932bb8713c1",
        "featured": false,
        "relation_degree": 1
      }
    },
    {
      "type": "Feature",
      "geometry": {
        "type": "Point",
        "coordinates": [
          266.287,
          -359.121
        ]
      },
      "properties": {
        "work_id": "workstation:metrology-frame",
        "title": "Metrology Frame",
        "owner": "Workstation",
        "room": "science-objects",
        "status": "digital-preparation",
        "series": "metrology-frame",
        "modalities": "image,text",
        "carrier_count": 11,
        "evidence_level": "A",
        "source_revision": "facd5ea5b77a1e92838bc24e16231019f32b8f02",
        "featured": false,
        "relation_degree": 0
      }
    },
    {
      "type": "Feature",
      "geometry": {
        "type": "Point",
        "coordinates": [
          291.975,
          -277.904
        ]
      },
      "properties": {
        "work_id": "workstation:moire-vernier-dial",
        "title": "Moiré Vernier Dial",
        "owner": "Workstation",
        "room": "science-objects",
        "status": "historical-recovered",
        "series": null,
        "modalities": "cad,image,text",
        "carrier_count": 23,
        "evidence_level": "A",
        "source_revision": "c48f0a48b7d9d3fe438942b9206be01ea760e3e8",
        "featured": false,
        "relation_degree": 0
      }
    },
    {
      "type": "Feature",
      "geometry": {
        "type": "Point",
        "coordinates": [
          76.043,
          -296.028
        ]
      },
      "properties": {
        "work_id": "workstation:nuisance-geometry-atlas",
        "title": "Nuisance Geometry Atlas",
        "owner": "Workstation",
        "room": "science-objects",
        "status": "historical-recovered",
        "series": null,
        "modalities": "image,text",
        "carrier_count": 9,
        "evidence_level": "A",
        "source_revision": "71f14f0141d32ceb4ca59ef9fa0e055d9b3ab600",
        "featured": false,
        "relation_degree": 0
      }
    },
    {
      "type": "Feature",
      "geometry": {
        "type": "Point",
        "coordinates": [
          137.045,
          -377.275
        ]
      },
      "properties": {
        "work_id": "workstation:null-bridge",
        "title": "Null Bridge",
        "owner": "Workstation",
        "room": "science-objects",
        "status": "historical-recovered",
        "series": null,
        "modalities": "eda,image,text",
        "carrier_count": 20,
        "evidence_level": "A",
        "source_revision": "5edeb8d6b83ef6bf8bf28f9402dbf0ee9a77e018",
        "featured": false,
        "relation_degree": 0
      }
    },
    {
      "type": "Feature",
      "geometry": {
        "type": "Point",
        "coordinates": [
          134.335,
          -384.632
        ]
      },
      "properties": {
        "work_id": "workstation:observer-load-gate",
        "title": "Observer Load Gate",
        "owner": "Workstation",
        "room": "science-objects",
        "status": "frozen-digital",
        "series": "observer",
        "modalities": "eda,image,text",
        "carrier_count": 22,
        "evidence_level": "A",
        "source_revision": "50f6d1e48c2d5c983b16c5be7020fb386ee496b8",
        "featured": false,
        "relation_degree": 0
      }
    },
    {
      "type": "Feature",
      "geometry": {
        "type": "Point",
        "coordinates": [
          122.536,
          -226.379
        ]
      },
      "properties": {
        "work_id": "workstation:open-description-relay",
        "title": "Open Description Relay",
        "owner": "Workstation",
        "room": "playable",
        "status": "consumed-live",
        "series": "open-handles",
        "modalities": "text",
        "carrier_count": 6,
        "evidence_level": "A",
        "source_revision": "3a27e7a438c6f3ceeff2a06cbd7d6780607be8c9",
        "featured": false,
        "relation_degree": 0
      }
    },
    {
      "type": "Feature",
      "geometry": {
        "type": "Point",
        "coordinates": [
          81.109,
          -332.14
        ]
      },
      "properties": {
        "work_id": "workstation:peaucellier-clearance-obstruction",
        "title": "Peaucellier Clearance Obstruction",
        "owner": "Workstation",
        "room": "science-objects",
        "status": "frozen-digital",
        "series": "peaucellier",
        "modalities": "image,text",
        "carrier_count": 8,
        "evidence_level": "A",
        "source_revision": "b619ac016887d2890bd615c28ec48e543b63297e",
        "featured": false,
        "relation_degree": 0
      }
    },
    {
      "type": "Feature",
      "geometry": {
        "type": "Point",
        "coordinates": [
          81.971,
          -307.176
        ]
      },
      "properties": {
        "work_id": "workstation:peaucellier-five-layer",
        "title": "Peaucellier Five-Layer Candidate",
        "owner": "Workstation",
        "room": "science-objects",
        "status": "digital-preparation",
        "series": "peaucellier",
        "modalities": "cad,image,text",
        "carrier_count": 22,
        "evidence_level": "A",
        "source_revision": "296cc030bd1f9324fcda89793b4980c6e7c13fec",
        "featured": true,
        "relation_degree": 0
      }
    },
    {
      "type": "Feature",
      "geometry": {
        "type": "Point",
        "coordinates": [
          124.768,
          -222.4
        ]
      },
      "properties": {
        "work_id": "workstation:peaucellier-tolerance-audit",
        "title": "Peaucellier Tolerance Audit",
        "owner": "Workstation",
        "room": "science-objects",
        "status": "frozen-digital",
        "series": "peaucellier",
        "modalities": "image,text",
        "carrier_count": 12,
        "evidence_level": "A",
        "source_revision": "bb4c5b81d650672ba05132c872fd2fcd14cfcd1a",
        "featured": false,
        "relation_degree": 0
      }
    },
    {
      "type": "Feature",
      "geometry": {
        "type": "Point",
        "coordinates": [
          79.844,
          -300.361
        ]
      },
      "properties": {
        "work_id": "workstation:pendulum-choir-photogate-bench",
        "title": "Pendulum Choir Photogate Bench",
        "owner": "Workstation",
        "room": "science-objects",
        "status": "digital-preparation",
        "series": "pendulum-choir",
        "modalities": "cad,eda,image,text",
        "carrier_count": 30,
        "evidence_level": "A",
        "source_revision": "39fb8cab55feb1f63c0444ee005d139067db96a6",
        "featured": false,
        "relation_degree": 0
      }
    },
    {
      "type": "Feature",
      "geometry": {
        "type": "Point",
        "coordinates": [
          75.957,
          -260.114
        ]
      },
      "properties": {
        "work_id": "workstation:percussion-ruler",
        "title": "Percussion Ruler",
        "owner": "Workstation",
        "room": "science-objects",
        "status": "frozen-digital",
        "series": null,
        "modalities": "image,text",
        "carrier_count": 13,
        "evidence_level": "A",
        "source_revision": "430c46ee481cf7d73762a45c1aeab3664db0ea3c",
        "featured": false,
        "relation_degree": 0
      }
    },
    {
      "type": "Feature",
      "geometry": {
        "type": "Point",
        "coordinates": [
          276.55,
          -359.756
        ]
      },
      "properties": {
        "work_id": "workstation:personal-binding-navigator",
        "title": "Personal Binding Navigator v0",
        "owner": "Workstation",
        "room": "knowledge-lenses",
        "status": "historical-recovered",
        "series": null,
        "modalities": "html,text",
        "carrier_count": 5,
        "evidence_level": "A",
        "source_revision": "01d148e50810049642326772572212d37e0151d8",
        "featured": false,
        "relation_degree": 0
      }
    },
    {
      "type": "Feature",
      "geometry": {
        "type": "Point",
        "coordinates": [
          252.332,
          -384.28
        ]
      },
      "properties": {
        "work_id": "workstation:photogate-evidence-applicability-ladder",
        "title": "Photogate Evidence Applicability Ladder",
        "owner": "Workstation",
        "room": "knowledge-lenses",
        "status": "historical-recovered",
        "series": null,
        "modalities": "cad,eda,html,text",
        "carrier_count": 24,
        "evidence_level": "A",
        "source_revision": "facb22d9d2face420a8cd5209b128220c39d3b97",
        "featured": false,
        "relation_degree": 0
      }
    },
    {
      "type": "Feature",
      "geometry": {
        "type": "Point",
        "coordinates": [
          111.694,
          -366.482
        ]
      },
      "properties": {
        "work_id": "workstation:polarity-pair",
        "title": "Polarity Pair",
        "owner": "Workstation",
        "room": "science-objects",
        "status": "historical-recovered",
        "series": null,
        "modalities": "eda,image,text",
        "carrier_count": 13,
        "evidence_level": "A",
        "source_revision": "1d4f63c58f21833518a0b492d7e00e316160b4b1",
        "featured": false,
        "relation_degree": 2
      }
    },
    {
      "type": "Feature",
      "geometry": {
        "type": "Point",
        "coordinates": [
          69.477,
          -264.5
        ]
      },
      "properties": {
        "work_id": "workstation:preload-nest",
        "title": "Preload Nest",
        "owner": "Workstation",
        "room": "science-objects",
        "status": "frozen-digital",
        "series": "nest",
        "modalities": "image,text",
        "carrier_count": 11,
        "evidence_level": "A",
        "source_revision": "e9bede5d51d3ca008d6b5f302568245082b280d8",
        "featured": false,
        "relation_degree": 0
      }
    },
    {
      "type": "Feature",
      "geometry": {
        "type": "Point",
        "coordinates": [
          278.474,
          -367.505
        ]
      },
      "properties": {
        "work_id": "workstation:probe-burden",
        "title": "Probe Burden",
        "owner": "Workstation",
        "room": "science-objects",
        "status": "frozen-digital",
        "series": "observer",
        "modalities": "eda,image,text",
        "carrier_count": 19,
        "evidence_level": "A",
        "source_revision": "55415061670cc8ce6c0551eb99abb4da0a0e8eb7",
        "featured": false,
        "relation_degree": 1
      }
    },
    {
      "type": "Feature",
      "geometry": {
        "type": "Point",
        "coordinates": [
          295.561,
          -239.25
        ]
      },
      "properties": {
        "work_id": "workstation:prouhet-reversal-ladder",
        "title": "Prouhet Reversal Ladder",
        "owner": "Workstation",
        "room": "science-objects",
        "status": "frozen-digital",
        "series": "reversal-metrology",
        "modalities": "image,text",
        "carrier_count": 8,
        "evidence_level": "A",
        "source_revision": "b7fb350929499ea2bf32fee0b4d1b31fc04bf7f6",
        "featured": false,
        "relation_degree": 0
      }
    },
    {
      "type": "Feature",
      "geometry": {
        "type": "Point",
        "coordinates": [
          79.568,
          -260.331
        ]
      },
      "properties": {
        "work_id": "workstation:r2r-ladder-dac",
        "title": "R-2R Ladder DAC",
        "owner": "Workstation",
        "room": "science-objects",
        "status": "historical-recovered",
        "series": null,
        "modalities": "eda,image,text",
        "carrier_count": 14,
        "evidence_level": "A",
        "source_revision": "fdf869098d440952f4412324c025bd9764350d11",
        "featured": false,
        "relation_degree": 0
      }
    },
    {
      "type": "Feature",
      "geometry": {
        "type": "Point",
        "coordinates": [
          311.989,
          -348.315
        ]
      },
      "properties": {
        "work_id": "workstation:ratiometric-reference-coupon",
        "title": "Ratiometric Reference Coupon",
        "owner": "Workstation",
        "room": "science-objects",
        "status": "frozen-digital",
        "series": null,
        "modalities": "eda,image,text",
        "carrier_count": 14,
        "evidence_level": "A",
        "source_revision": "2a93fac5623960356b6e5d4b91dba813f315e4fc",
        "featured": false,
        "relation_degree": 0
      }
    },
    {
      "type": "Feature",
      "geometry": {
        "type": "Point",
        "coordinates": [
          287.9,
          -364.962
        ]
      },
      "properties": {
        "work_id": "workstation:reality-loop-beacon-v0",
        "title": "Reality Loop Beacon v0",
        "owner": "Workstation",
        "room": null,
        "status": "source-fenced-cabinet",
        "series": null,
        "modalities": "image",
        "carrier_count": 1,
        "evidence_level": "A",
        "source_revision": "ce9d12e04620d00ceaeb2e914e0c7dae68239183",
        "featured": false,
        "relation_degree": 0
      }
    },
    {
      "type": "Feature",
      "geometry": {
        "type": "Point",
        "coordinates": [
          90.569,
          -370.569
        ]
      },
      "properties": {
        "work_id": "workstation:reality-readiness-matrix",
        "title": "Reality Readiness Matrix",
        "owner": "Workstation",
        "room": "knowledge-lenses",
        "status": "historical-recovered",
        "series": null,
        "modalities": "image,text",
        "carrier_count": 8,
        "evidence_level": "A",
        "source_revision": "c90d53cdb3b57bb8fe5c7fe7ce082d28b248d628",
        "featured": false,
        "relation_degree": 0
      }
    },
    {
      "type": "Feature",
      "geometry": {
        "type": "Point",
        "coordinates": [
          183.265,
          -191.337
        ]
      },
      "properties": {
        "work_id": "workstation:reciprocity-mirror",
        "title": "Reciprocity Mirror",
        "owner": "Workstation",
        "room": "science-objects",
        "status": "historical-recovered",
        "series": null,
        "modalities": "eda,image,text",
        "carrier_count": 21,
        "evidence_level": "A",
        "source_revision": "58df0c45c7bf855ef4c64f4d4a7520a918e68960",
        "featured": false,
        "relation_degree": 0
      }
    },
    {
      "type": "Feature",
      "geometry": {
        "type": "Point",
        "coordinates": [
          154.631,
          -207.487
        ]
      },
      "properties": {
        "work_id": "workstation:relay-moth-optical-readout-envelope",
        "title": "Relay Moth Optical Readout Envelope",
        "owner": "Workstation",
        "room": "science-objects",
        "status": "historical-recovered",
        "series": null,
        "modalities": "image,text",
        "carrier_count": 20,
        "evidence_level": "A",
        "source_revision": "7008dd7a387dde1cd66538119594ac8d26e91a86",
        "featured": false,
        "relation_degree": 1
      }
    },
    {
      "type": "Feature",
      "geometry": {
        "type": "Point",
        "coordinates": [
          219.431,
          -196.291
        ]
      },
      "properties": {
        "work_id": "workstation:relay-moth",
        "title": "Relay Moth Persistence Rotor",
        "owner": "Workstation",
        "room": "science-objects",
        "status": "digital-preparation",
        "series": null,
        "modalities": "cad,eda,image,text",
        "carrier_count": 46,
        "evidence_level": "A",
        "source_revision": "9321aa043c1f3a82d24c6b3e117320939ba7dfd8",
        "featured": false,
        "relation_degree": 1
      }
    },
    {
      "type": "Feature",
      "geometry": {
        "type": "Point",
        "coordinates": [
          175.895,
          -406.714
        ]
      },
      "properties": {
        "work_id": "workstation:resonance-ladder",
        "title": "Resonance Ladder",
        "owner": "Workstation",
        "room": "science-objects",
        "status": "historical-recovered",
        "series": null,
        "modalities": "cad,image,text",
        "carrier_count": 20,
        "evidence_level": "A",
        "source_revision": "76a8c17caa6af19a76966fa71fc0cfaefdbc8d39",
        "featured": false,
        "relation_degree": 0
      }
    },
    {
      "type": "Feature",
      "geometry": {
        "type": "Point",
        "coordinates": [
          183.537,
          -199.951
        ]
      },
      "properties": {
        "work_id": "workstation:reversal-window",
        "title": "Reversal Window",
        "owner": "Workstation",
        "room": "science-objects",
        "status": "historical-recovered",
        "series": null,
        "modalities": "image,text",
        "carrier_count": 12,
        "evidence_level": "A",
        "source_revision": "ba4502abfb1c621cfbe6cc5bdd0283a4a3ac6080",
        "featured": false,
        "relation_degree": 1
      }
    },
    {
      "type": "Feature",
      "geometry": {
        "type": "Point",
        "coordinates": [
          173.012,
          -408.224
        ]
      },
      "properties": {
        "work_id": "workstation:reversible-lattice-echo",
        "title": "Reversible Lattice Echo",
        "owner": "Workstation",
        "room": "science-objects",
        "status": "historical-recovered",
        "series": null,
        "modalities": "image,text",
        "carrier_count": 17,
        "evidence_level": "A",
        "source_revision": "b8a8eacd794ca2185241b91cbbcd1ec1e680011c",
        "featured": false,
        "relation_degree": 0
      }
    },
    {
      "type": "Feature",
      "geometry": {
        "type": "Point",
        "coordinates": [
          240.876,
          -402.898
        ]
      },
      "properties": {
        "work_id": "workstation:runtime-clock-grain",
        "title": "Runtime Clock Grain",
        "owner": "Workstation",
        "room": "science-objects",
        "status": "historical-recovered",
        "series": null,
        "modalities": "image,text",
        "carrier_count": 14,
        "evidence_level": "A",
        "source_revision": "fda6d14bf4d6af1f96ebc8ad8a2ea3b6950b2ccc",
        "featured": false,
        "relation_degree": 0
      }
    },
    {
      "type": "Feature",
      "geometry": {
        "type": "Point",
        "coordinates": [
          169.925,
          -409.203
        ]
      },
      "properties": {
        "work_id": "workstation:sacrificial-bridge",
        "title": "Sacrificial Bridge",
        "owner": "Workstation",
        "room": "science-objects",
        "status": "historical-recovered",
        "series": null,
        "modalities": "cad,image,text,video",
        "carrier_count": 22,
        "evidence_level": "A",
        "source_revision": "26a5b87f8dcaa7a7d3eadfcd731d8dc39ccd4244",
        "featured": false,
        "relation_degree": 0
      }
    },
    {
      "type": "Feature",
      "geometry": {
        "type": "Point",
        "coordinates": [
          72.78,
          -354.82
        ]
      },
      "properties": {
        "work_id": "workstation:scale-sag",
        "title": "Scale Sag",
        "owner": "Workstation",
        "room": "science-objects",
        "status": "frozen-digital",
        "series": null,
        "modalities": "image,text",
        "carrier_count": 14,
        "evidence_level": "A",
        "source_revision": "739c2fa77773bcd8d9b24a4ccf1ef2fc358da6ec",
        "featured": false,
        "relation_degree": 0
      }
    },
    {
      "type": "Feature",
      "geometry": {
        "type": "Point",
        "coordinates": [
          225.766,
          -410.77
        ]
      },
      "properties": {
        "work_id": "workstation:scm-rights-capability-relay",
        "title": "SCM_RIGHTS Capability Relay",
        "owner": "Workstation",
        "room": "playable",
        "status": "consumed-live",
        "series": "open-handles",
        "modalities": "image,text",
        "carrier_count": 7,
        "evidence_level": "A",
        "source_revision": "670891aa4d32fba5cc59d4862155602b9791cfd2",
        "featured": false,
        "relation_degree": 0
      }
    },
    {
      "type": "Feature",
      "geometry": {
        "type": "Point",
        "coordinates": [
          308.426,
          -350.61
        ]
      },
      "properties": {
        "work_id": "workstation:self-stress-prism",
        "title": "Self Stress Prism",
        "owner": "Workstation",
        "room": "science-objects",
        "status": "historical-recovered",
        "series": null,
        "modalities": "cad,image,text",
        "carrier_count": 22,
        "evidence_level": "A",
        "source_revision": "0e764ae7b2f567c5f2d585eec29ce08e7f374abb",
        "featured": false,
        "relation_degree": 0
      }
    },
    {
      "type": "Feature",
      "geometry": {
        "type": "Point",
        "coordinates": [
          99.396,
          -217.263
        ]
      },
      "properties": {
        "work_id": "workstation:seventh-shim",
        "title": "Seventh Shim",
        "owner": "Workstation",
        "room": "science-objects",
        "status": "frozen-digital",
        "series": "nest",
        "modalities": "image,text",
        "carrier_count": 14,
        "evidence_level": "A",
        "source_revision": "eb2526efcd6735b7b877e89e35e8cea051ce9b1b",
        "featured": false,
        "relation_degree": 0
      }
    },
    {
      "type": "Feature",
      "geometry": {
        "type": "Point",
        "coordinates": [
          42.223,
          -279.796
        ]
      },
      "properties": {
        "work_id": "workstation:signal-garden-cam-encoder",
        "title": "Signal Garden Cam Encoder",
        "owner": "Workstation",
        "room": "science-objects",
        "status": "digital-preparation",
        "series": "signal-garden",
        "modalities": "cad,text",
        "carrier_count": 12,
        "evidence_level": "A",
        "source_revision": "4a33cf29f9537c9e7b1303a00db70c39b49ac62b",
        "featured": false,
        "relation_degree": 0
      }
    },
    {
      "type": "Feature",
      "geometry": {
        "type": "Point",
        "coordinates": [
          106.022,
          -381.53
        ]
      },
      "properties": {
        "work_id": "workstation:signal-garden-cam-triptych",
        "title": "Signal Garden Cam Triptych",
        "owner": "Workstation",
        "room": "science-objects",
        "status": "digital-preparation",
        "series": "signal-garden",
        "modalities": "cad,image,text",
        "carrier_count": 26,
        "evidence_level": "A",
        "source_revision": "fdc4756e2d0c0c28b68c0aff7b20bf0b2cced7a8",
        "featured": false,
        "relation_degree": 0
      }
    },
    {
      "type": "Feature",
      "geometry": {
        "type": "Point",
        "coordinates": [
          173.061,
          -415.558
        ]
      },
      "properties": {
        "work_id": "workstation:signal-seed",
        "title": "Signal Seed",
        "owner": "Workstation",
        "room": "science-objects",
        "status": "historical-recovered",
        "series": null,
        "modalities": "cad,eda,image,text",
        "carrier_count": 18,
        "evidence_level": "A",
        "source_revision": "c1fb7438dc64469bad03cf3cf175ae6690441360",
        "featured": false,
        "relation_degree": 0
      }
    },
    {
      "type": "Feature",
      "geometry": {
        "type": "Point",
        "coordinates": [
          123.066,
          -196.072
        ]
      },
      "properties": {
        "work_id": "workstation:simpson-fold",
        "title": "Simpson Fold",
        "owner": "Workstation",
        "room": "science-objects",
        "status": "historical-recovered",
        "series": null,
        "modalities": "image,text",
        "carrier_count": 13,
        "evidence_level": "A",
        "source_revision": "2d711997fa08a1e01002eec25b24a3dfb4175681",
        "featured": false,
        "relation_degree": 0
      }
    },
    {
      "type": "Feature",
      "geometry": {
        "type": "Point",
        "coordinates": [
          89.877,
          -214.052
        ]
      },
      "properties": {
        "work_id": "workstation:six-touch-nest",
        "title": "Six Touch Nest",
        "owner": "Workstation",
        "room": "science-objects",
        "status": "digital-preparation",
        "series": "nest",
        "modalities": "cad,image,text",
        "carrier_count": 19,
        "evidence_level": "A",
        "source_revision": "5dbdb2a2285380bcc817f00323d1455d4b1c8653",
        "featured": false,
        "relation_degree": 0
      }
    },
    {
      "type": "Feature",
      "geometry": {
        "type": "Point",
        "coordinates": [
          322.66,
          -340.46
        ]
      },
      "properties": {
        "work_id": "workstation:strobe-twins",
        "title": "Strobe Twins",
        "owner": "Workstation",
        "room": "science-objects",
        "status": "frozen-digital",
        "series": "observer",
        "modalities": "audio,image,text",
        "carrier_count": 16,
        "evidence_level": "A",
        "source_revision": "a929024476fe0cd4df510836f2e8c2d06b463894",
        "featured": false,
        "relation_degree": 0
      }
    },
    {
      "type": "Feature",
      "geometry": {
        "type": "Point",
        "coordinates": [
          217.62,
          -407.965
        ]
      },
      "properties": {
        "work_id": "workstation:temporal-alias-wheel",
        "title": "Temporal Alias Wheel",
        "owner": "Workstation",
        "room": "science-objects",
        "status": "frozen-digital",
        "series": "observer",
        "modalities": "image,text",
        "carrier_count": 14,
        "evidence_level": "A",
        "source_revision": "420db14abb956910a8d2f743d90972389152faba",
        "featured": false,
        "relation_degree": 0
      }
    },
    {
      "type": "Feature",
      "geometry": {
        "type": "Point",
        "coordinates": [
          90.677,
          -213.863
        ]
      },
      "properties": {
        "work_id": "workstation:thermal-differential-coupon",
        "title": "Thermal Differential Coupon",
        "owner": "Workstation",
        "room": "science-objects",
        "status": "frozen-digital",
        "series": "thermal",
        "modalities": "cad,image,text",
        "carrier_count": 16,
        "evidence_level": "A",
        "source_revision": "c5d54f14cdeac7f1f9afbf3d1e995927384424d8",
        "featured": false,
        "relation_degree": 0
      }
    },
    {
      "type": "Feature",
      "geometry": {
        "type": "Point",
        "coordinates": [
          68.186,
          -370.847
        ]
      },
      "properties": {
        "work_id": "workstation:thermal-equal-energy-twins",
        "title": "Thermal Equal-Energy Twins",
        "owner": "Workstation",
        "room": "science-objects",
        "status": "frozen-digital",
        "series": "thermal",
        "modalities": "image,text",
        "carrier_count": 11,
        "evidence_level": "A",
        "source_revision": "bd25a019c17d984af141fbc289b509d5a237df9b",
        "featured": false,
        "relation_degree": 0
      }
    },
    {
      "type": "Feature",
      "geometry": {
        "type": "Point",
        "coordinates": [
          294.981,
          -389.858
        ]
      },
      "properties": {
        "work_id": "workstation:thermal-pulse",
        "title": "Thermal Pulse",
        "owner": "Workstation",
        "room": "science-objects",
        "status": "frozen-digital",
        "series": "thermal",
        "modalities": "image,text",
        "carrier_count": 14,
        "evidence_level": "A",
        "source_revision": "de3631107e6c3633a654f673b086669ec4dcbc0c",
        "featured": false,
        "relation_degree": 0
      }
    },
    {
      "type": "Feature",
      "geometry": {
        "type": "Point",
        "coordinates": [
          316.994,
          -233.06
        ]
      },
      "properties": {
        "work_id": "workstation:twin-veil-registration-gate",
        "title": "Twin Veil Registration Gate",
        "owner": "Workstation",
        "room": "science-objects",
        "status": "historical-recovered",
        "series": null,
        "modalities": "cad,image,text",
        "carrier_count": 32,
        "evidence_level": "A",
        "source_revision": "39e0ba14f0b5e8db7f63eafc951d1d7f1d25bccc",
        "featured": false,
        "relation_degree": 1
      }
    },
    {
      "type": "Feature",
      "geometry": {
        "type": "Point",
        "coordinates": [
          311.145,
          -219.749
        ]
      },
      "properties": {
        "work_id": "workstation:windup-glass",
        "title": "Windup Glass",
        "owner": "Workstation",
        "room": "science-objects",
        "status": "frozen-digital",
        "series": null,
        "modalities": "image,text",
        "carrier_count": 11,
        "evidence_level": "A",
        "source_revision": "dcac2a125b81864b33d30ae1064dc8a4cf907c09",
        "featured": false,
        "relation_degree": 0
      }
    }
  ]
}
